/*
MySQL Backup
Source Server Version: 5.5.41
Source Database: salarydata
Date: 2015/1/12 16:53:21
*/

SET FOREIGN_KEY_CHECKS=0;

-- ----------------------------
--  Table structure for `account`
-- ----------------------------
DROP TABLE IF EXISTS `account`;
CREATE TABLE `account` (
  `id` int(11) NOT NULL AUTO_INCREMENT,
  `name` varchar(50) NOT NULL COMMENT '工资期间名称',
  `daystart` date NOT NULL COMMENT '开始日期',
  `dayend` date NOT NULL COMMENT '结束日期',
  PRIMARY KEY (`id`),
  UNIQUE KEY `AK_uni_name` (`name`)
) ENGINE=InnoDB AUTO_INCREMENT=4 DEFAULT CHARSET=utf8 COMMENT='工资期间';

-- ----------------------------
--  Table structure for `author`
-- ----------------------------
DROP TABLE IF EXISTS `author`;
CREATE TABLE `author` (
  `id` int(11) NOT NULL AUTO_INCREMENT COMMENT '权限id',
  `pid` int(11) NOT NULL DEFAULT '1' COMMENT '上级权限id',
  `name` varchar(50) NOT NULL COMMENT '权限名称',
  `code` varchar(50) NOT NULL COMMENT '权限代码',
  PRIMARY KEY (`id`)
) ENGINE=InnoDB AUTO_INCREMENT=48 DEFAULT CHARSET=utf8;

-- ----------------------------
--  Table structure for `department`
-- ----------------------------
DROP TABLE IF EXISTS `department`;
CREATE TABLE `department` (
  `id` int(11) NOT NULL AUTO_INCREMENT,
  `name` varchar(50) NOT NULL COMMENT '部门名称',
  `isdel` int(11) NOT NULL DEFAULT '0' COMMENT '是否删除,0为未删除，1为删除',
  PRIMARY KEY (`id`),
  KEY `AK_uni_dept_name` (`name`)
) ENGINE=InnoDB AUTO_INCREMENT=6 DEFAULT CHARSET=utf8 COMMENT='部门表';

-- ----------------------------
--  Table structure for `employee`
-- ----------------------------
DROP TABLE IF EXISTS `employee`;
CREATE TABLE `employee` (
  `id` int(11) NOT NULL AUTO_INCREMENT,
  `code` varchar(50) NOT NULL COMMENT '员工编号',
  `name` varchar(50) NOT NULL COMMENT '员工姓名',
  `department_id` int(5) NOT NULL DEFAULT '1' COMMENT '部门id',
  `level` int(1) NOT NULL DEFAULT '0' COMMENT '员工级别，0为默认普通员工，1为主管，2为经理',
  `salary_item_unit_id` int(5) NOT NULL DEFAULT '0' COMMENT '工资项目组件id,用来关联用户的计算公式',
  `isdel` int(1) NOT NULL DEFAULT '0' COMMENT '是否删除，0为未删除，1为已删除',
  PRIMARY KEY (`id`),
  UNIQUE KEY `AK_uni_emp_code` (`code`),
  KEY `FK_emp_dept` (`department_id`),
  CONSTRAINT `FK_emp_dept` FOREIGN KEY (`department_id`) REFERENCES `department` (`id`)
) ENGINE=InnoDB AUTO_INCREMENT=15 DEFAULT CHARSET=utf8 COMMENT='员工表';

-- ----------------------------
--  Table structure for `operator`
-- ----------------------------
DROP TABLE IF EXISTS `operator`;
CREATE TABLE `operator` (
  `id` int(11) NOT NULL AUTO_INCREMENT COMMENT '操作员id',
  `name` varchar(50) NOT NULL COMMENT '登录名',
  `pass` varchar(32) DEFAULT '' COMMENT '密码',
  `role_id` int(11) NOT NULL COMMENT '角色id',
  `isdel` int(11) NOT NULL DEFAULT '0' COMMENT '是否删除,0未删除,1删除',
  PRIMARY KEY (`id`)
) ENGINE=InnoDB AUTO_INCREMENT=3 DEFAULT CHARSET=utf8;

-- ----------------------------
--  Table structure for `role`
-- ----------------------------
DROP TABLE IF EXISTS `role`;
CREATE TABLE `role` (
  `id` int(11) NOT NULL AUTO_INCREMENT COMMENT '角色id',
  `name` varchar(50) NOT NULL COMMENT '角色名称',
  `isdel` int(1) NOT NULL DEFAULT '0' COMMENT '是否删除,1删除,0未删除',
  PRIMARY KEY (`id`)
) ENGINE=InnoDB AUTO_INCREMENT=4 DEFAULT CHARSET=utf8;

-- ----------------------------
--  Table structure for `role_author`
-- ----------------------------
DROP TABLE IF EXISTS `role_author`;
CREATE TABLE `role_author` (
  `id` int(11) NOT NULL AUTO_INCREMENT COMMENT '角色权限id',
  `role_id` int(11) NOT NULL COMMENT '角色id',
  `author_id` int(11) NOT NULL COMMENT '权限id',
  `isallow` int(1) NOT NULL DEFAULT '0' COMMENT '是否允许,1允许,0不允许',
  PRIMARY KEY (`id`)
) ENGINE=InnoDB AUTO_INCREMENT=142 DEFAULT CHARSET=utf8;

-- ----------------------------
--  Table structure for `salary_detail`
-- ----------------------------
DROP TABLE IF EXISTS `salary_detail`;
CREATE TABLE `salary_detail` (
  `id` int(11) NOT NULL AUTO_INCREMENT,
  `account_id` int(11) NOT NULL COMMENT '工资期间id',
  `emp_id` int(11) NOT NULL COMMENT '员工id',
  `salary_item_id` int(11) NOT NULL COMMENT '工资项目id',
  `money` decimal(12,1) NOT NULL DEFAULT '0.0' COMMENT '金额',
  PRIMARY KEY (`id`),
  KEY `FK_saldetail_acc` (`account_id`),
  KEY `FK_saldetail_emp` (`emp_id`),
  KEY `FK_saldetail_item` (`salary_item_id`),
  CONSTRAINT `FK_saldetail_acc` FOREIGN KEY (`account_id`) REFERENCES `account` (`id`),
  CONSTRAINT `FK_saldetail_emp` FOREIGN KEY (`emp_id`) REFERENCES `employee` (`id`),
  CONSTRAINT `FK_saldetail_item` FOREIGN KEY (`salary_item_id`) REFERENCES `salary_item` (`id`)
) ENGINE=InnoDB AUTO_INCREMENT=802 DEFAULT CHARSET=utf8 COMMENT='工资明细表';

-- ----------------------------
--  Table structure for `salary_item`
-- ----------------------------
DROP TABLE IF EXISTS `salary_item`;
CREATE TABLE `salary_item` (
  `id` int(11) NOT NULL AUTO_INCREMENT,
  `name` varchar(50) NOT NULL COMMENT '工资项目名称',
  `level` int(1) NOT NULL DEFAULT '0' COMMENT '是否公式计算,0为默认不计算,1为需要公式计算',
  `isdel` int(1) NOT NULL DEFAULT '0' COMMENT '是否删除，0未删除，1已删除',
  `isshow` int(1) NOT NULL DEFAULT '1' COMMENT '是否显示',
  `isedit` int(1) NOT NULL DEFAULT '0' COMMENT '是否可编辑,1可编辑,0不可编辑',
  PRIMARY KEY (`id`),
  UNIQUE KEY `AK_uni_item_name` (`name`)
) ENGINE=InnoDB AUTO_INCREMENT=18 DEFAULT CHARSET=utf8 COMMENT='工资项目';

-- ----------------------------
--  Table structure for `salary_item_expression`
-- ----------------------------
DROP TABLE IF EXISTS `salary_item_expression`;
CREATE TABLE `salary_item_expression` (
  `id` int(11) NOT NULL AUTO_INCREMENT,
  `salary_item_id` int(11) NOT NULL COMMENT '工资项目id(用公式来改变该项目id金额)',
  `name` varchar(100) NOT NULL COMMENT '公式名称',
  `dynmaicsql` varchar(5000) DEFAULT '' COMMENT '动态SQL语句',
  `comment` varchar(5000) DEFAULT '' COMMENT '公式内容',
  PRIMARY KEY (`id`),
  KEY `FK_exp_item` (`salary_item_id`),
  CONSTRAINT `FK_exp_item` FOREIGN KEY (`salary_item_id`) REFERENCES `salary_item` (`id`)
) ENGINE=InnoDB AUTO_INCREMENT=14 DEFAULT CHARSET=utf8 COMMENT='工资项目动态SQL公式';

-- ----------------------------
--  Table structure for `salary_item_unit`
-- ----------------------------
DROP TABLE IF EXISTS `salary_item_unit`;
CREATE TABLE `salary_item_unit` (
  `id` int(11) NOT NULL AUTO_INCREMENT,
  `name` varchar(200) NOT NULL COMMENT '组件名称',
  `sequence` varchar(200) DEFAULT '' COMMENT '组件执行顺序,用salary_item_express的id来排列',
  PRIMARY KEY (`id`)
) ENGINE=InnoDB AUTO_INCREMENT=7 DEFAULT CHARSET=utf8 COMMENT='工资项目组件表';

-- ----------------------------
--  Procedure definition for `fnGetDepartmentMoney`
-- ----------------------------
DROP FUNCTION IF EXISTS `fnGetDepartmentMoney`;
DELIMITER ;;
CREATE DEFINER=`root`@`localhost` FUNCTION `fnGetDepartmentMoney`(account_id1 int,emp_id1 int,salary_item_id1 int) RETURNS decimal(12,1)
    DETERMINISTIC
    COMMENT '根据工资期间id,员工id,项目id来统计本部门完成总金额'
begin
declare departmentmoney decimal(12,1);
select sum(money) into departmentmoney 
from salary_detail
left join employee
on salary_detail.emp_id=employee.id
where account_id=account_id1
and salary_item_id=salary_item_id1
and employee.department_id in 
(select emp1.department_id from employee emp1
where emp1.id=emp_id1);

return ifnull(departmentmoney,0);
end
;;
DELIMITER ;

-- ----------------------------
--  Procedure definition for `fnGetDeptEmpCount`
-- ----------------------------
DROP FUNCTION IF EXISTS `fnGetDeptEmpCount`;
DELIMITER ;;
CREATE DEFINER=`root`@`localhost` FUNCTION `fnGetDeptEmpCount`(emp_id1 int) RETURNS int(11)
    DETERMINISTIC
    COMMENT '根据员工id来统计本部门人员数'
begin
declare employeecount int;
select count(1) into employeecount from employee
where department_id IN
(select department_id from employee
where employee.id=emp_id1);

return ifnull(employeecount,0);
end
;;
DELIMITER ;

-- ----------------------------
--  Procedure definition for `fnGetItemMoney`
-- ----------------------------
DROP FUNCTION IF EXISTS `fnGetItemMoney`;
DELIMITER ;;
CREATE DEFINER=`root`@`localhost` FUNCTION `fnGetItemMoney`(`account_id1` int,`salary_item_id1` int) RETURNS decimal(12,1)
    COMMENT '根据奖金期间id,工资项目id来获取本项目的合计金额'
BEGIN
	declare total_money decimal(12,1);
	select sum(money) into total_money from salary_detail
	where account_id=account_id1
	and salary_item_id=salary_item_id1;

	RETURN ifnull(total_money,0);
END
;;
DELIMITER ;

-- ----------------------------
--  Procedure definition for `fnGetRandDate`
-- ----------------------------
DROP FUNCTION IF EXISTS `fnGetRandDate`;
DELIMITER ;;
CREATE DEFINER=`root`@`localhost` FUNCTION `fnGetRandDate`(howlong int) RETURNS varchar(50) CHARSET utf8
    DETERMINISTIC
    COMMENT '生成随机日期'
BEGIN
	DECLARE return_day VARCHAR(50);
	select SUBDATE(CURRENT_DATE(),INTERVAL howlong DAY) into return_day;
	RETURN return_day;
END
;;
DELIMITER ;

-- ----------------------------
--  Procedure definition for `fnGetRandNum`
-- ----------------------------
DROP FUNCTION IF EXISTS `fnGetRandNum`;
DELIMITER ;;
CREATE DEFINER=`root`@`localhost` FUNCTION `fnGetRandNum`(howlong int) RETURNS int(11)
    DETERMINISTIC
    COMMENT '生成随机数字'
BEGIN
	DECLARE return_no INT;
	SELECT ROUND(ROUND(RAND(),9)*pow(10,howlong)) INTO return_no;
	RETURN return_no;
END
;;
DELIMITER ;

-- ----------------------------
--  Procedure definition for `fnGetSalaryMoney`
-- ----------------------------
DROP FUNCTION IF EXISTS `fnGetSalaryMoney`;
DELIMITER ;;
CREATE DEFINER=`root`@`localhost` FUNCTION `fnGetSalaryMoney`(account_id1 int,emp_id1 int,salary_item_id1 int) RETURNS decimal(12,1)
    DETERMINISTIC
    COMMENT '根据工资期间id,员工id,工资项目id来获取工资项目明细金额'
begin
declare return_money decimal(12,1);
select money into return_money
from salary_detail
where account_id=account_id1
and emp_id=emp_id1
and salary_item_id=salary_item_id1;
return ifnull(return_money,0);
end
;;
DELIMITER ;

-- ----------------------------
--  Procedure definition for `fnGetSalarySql`
-- ----------------------------
DROP FUNCTION IF EXISTS `fnGetSalarySql`;
DELIMITER ;;
CREATE DEFINER=`root`@`localhost` FUNCTION `fnGetSalarySql`(account_id varchar(100)) RETURNS varchar(10000) CHARSET utf8
    DETERMINISTIC
    COMMENT '用来获取动态的员工工资项目金额明细(横向表)'
begin
	declare dynmaicsqltop varchar(10000);
	declare dynmaicsql varchar(5000);
	declare tempsql varchar(500);
	declare name1 varchar(50);
	declare itemcount int;
	declare itemid int;
	declare str_id char(10);
	declare str_field char(20);
	select count(1) into itemcount from salary_item;
	select 'select emp.id as empid,emp.name as empname,emp.code,dept.name as deptname,' into dynmaicsqltop;
	select 'select emp_id,' into dynmaicsql;
	set itemid=1;
	while itemid<itemcount do
		select cast(itemcount as char(10)) into str_id;
		select name into name1 from salary_item where id=itemid;
		select cast(itemid as char(10)) into str_id;
		select concat('field',str_id) into str_field;
		select concat(dynmaicsqltop,' sum(',str_field,') as \'',name1,'\',') into dynmaicsqltop;
		
		select concat('case salary_item_id when ',str_id,' then money else 0 end as \'',str_field,'\',') into tempsql;
		select concat(dynmaicsql,tempsql) into dynmaicsql;
		set itemid=itemid+1;
	end while;
	select concat(dynmaicsqltop,'\'\' as temp from (') into dynmaicsqltop;
	select concat(dynmaicsql,'\'\' as temp from salary_detail where account_id=\'',account_id,'\') sal left join employee emp on emp.id=sal.emp_id ')into dynmaicsql;
	select concat(dynmaicsql,' left join department dept on emp.department_id=dept.id group by emp.name,emp.code,') into dynmaicsql;
	select concat(dynmaicsql,'temp,dept.name order by deptname,empname') into dynmaicsql;
	#select dynmaicsqltop;
	select concat(dynmaicsqltop,dynmaicsql) into dynmaicsqltop;
	return ifnull(dynmaicsqltop,'');
end
;;
DELIMITER ;

-- ----------------------------
--  Procedure definition for `fnRandSalaryDetailMoney`
-- ----------------------------
DROP PROCEDURE IF EXISTS `fnRandSalaryDetailMoney`;
DELIMITER ;;
CREATE DEFINER=`root`@`localhost` PROCEDURE `fnRandSalaryDetailMoney`(IN `account_id1` int,IN `salary_item_id1` int,IN `numLen` int)
    COMMENT '测试用，随机生成数据给奖金明细表的money字段'
BEGIN
	DECLARE done INT DEFAULT 0;
	declare empid int;
	declare cur_salary_detail cursor for 
	select emp_id from salary_detail
	where account_id=account_id1
	and salary_item_id=salary_item_id1;

	DECLARE CONTINUE HANDLER FOR SQLSTATE '02000' SET done = 1;

	open cur_salary_detail;
	REPEAT
		fetch cur_salary_detail into empid;
		if not done THEN
			update salary_detail
			set money=fnGetRandNum(numLen)
			where account_id=account_id1
			and salary_item_id=salary_item_id1;
		end if;
	UNTIL done END REPEAT;
	close cur_salary_detail;
END
;;
DELIMITER ;

-- ----------------------------
--  Procedure definition for `prInitSalaryDetail`
-- ----------------------------
DROP PROCEDURE IF EXISTS `prInitSalaryDetail`;
DELIMITER ;;
CREATE DEFINER=`root`@`localhost` PROCEDURE `prInitSalaryDetail`(in account_id1 int)
    COMMENT '根据账套id来初始化本月的工资项目明细'
BEGIN
	insert into salary_detail(account_id,emp_id,salary_item_id,money)
	select account_id1,employee.id,salary_item.id,0.0
		from employee,salary_item
		where employee.isdel=0
		and salary_item.isdel=0
		and salary_item.id not in 
		(select salary_item_id from salary_detail
		where account_id=account_id1)
	union 
	select account_id1,employee.id,salary_item.id,0.0
		from employee,salary_item
		where employee.isdel=0
		and salary_item.isdel=0
		and employee.id not in
		(select emp_id from salary_detail
	where account_id=account_id1);
END
;;
DELIMITER ;

-- ----------------------------
--  Procedure definition for `prSetSalaryDetail`
-- ----------------------------
DROP PROCEDURE IF EXISTS `prSetSalaryDetail`;
DELIMITER ;;
CREATE DEFINER=`root`@`localhost` PROCEDURE `prSetSalaryDetail`(IN `account_id1` int,IN `emp_id1` int,IN `salary_item_id1` int,IN `money1` decimal(12,1))
    COMMENT '设置员工工资项目金额'
BEGIN
	update salary_detail
	set money=money1
	where account_id=account_id1
	and salary_item_id=salary_item_id1
	and emp_id=emp_id1;
END
;;
DELIMITER ;

-- ----------------------------
--  Records 
-- ----------------------------
INSERT INTO `account` VALUES ('1','201411','2014-11-01','2014-11-30'), ('2','201412','2014-12-01','2014-12-31'), ('3','201501','2015-01-01','2015-01-31');
INSERT INTO `author` VALUES ('1','0','权限目录','basic'), ('2','1','奖金期间管理','basic'), ('3','2','奖金期间添加','addAccount'), ('4','2','奖金期间修改','editAccount'), ('5','2','奖金期间删除','delAccount'), ('6','2','奖金期间查看','getAccountlist'), ('7','1','部门管理','basic'), ('8','7','部门添加','addDepartment'), ('9','7','部门修改','editDepartment'), ('10','7','部门删除','delDepartment'), ('11','7','部门查看','getDepartmentlist'), ('12','1','职员管理','basic'), ('13','12','职员添加','addEmployee'), ('14','12','职员修改','editEmployee'), ('15','12','职员删除','delEmployee'), ('16','12','职员查看','getEmployeelist'), ('17','1','操作员管理','basic'), ('18','17','操作员添加','addOperator'), ('19','17','操作员修改','editOperator'), ('20','17','操作员删除','delOperator'), ('21','17','操作员查看','getOperatorlist'), ('22','1','角色管理','basic'), ('23','22','角色添加','addRole'), ('24','22','角色修改','editRole'), ('25','22','角色删除','delRole'), ('26','22','角色查看','getRolelist'), ('27','1','奖金明细管理','basic'), ('28','27','查看奖金明细','getSalarydetaillist'), ('29','27','奖金核算','calcSalarydetail'), ('30','27','奖金修改','editSalarydetailFromDatagrid'), ('31','1','奖金项目管理','basic'), ('32','31','奖金项目添加','addSalaryitem'), ('33','31','奖金项目修改','editSalaryitem'), ('34','31','奖金项目删除','delSalaryitem'), ('35','31','奖金项目查看','getSalaryitemlist'), ('36','1','奖金公式管理','basic'), ('37','36','奖金公式添加','addSalaryitemexpression'), ('38','36','奖金公式修改','editSalaryitemexpression'), ('39','36','奖金公式删除','delSalaryitemexpression'), ('40','36','奖金公式查看','getSalaryitemexpressionlist'), ('41','1','奖金公式模板管理','basic'), ('42','41','奖金公式模板添加','addSalaryitemunit'), ('43','41','奖金公式模板修改','editSalaryitemunit'), ('44','41','奖金公式模板删除','delSalaryitemunit'), ('45','41','奖金公式模板查看','getSalaryitemunitlist'), ('46','22','角色授权','getRoleauthorlist'), ('47','22','修改授权信息','editRoleauthor');
INSERT INTO `department` VALUES ('1','客服组','0'), ('2','驻税主管','0'), ('3','金税组','0'), ('4','金盾组','0'), ('5','经理组','0');
INSERT INTO `employee` VALUES ('1','5200401','徐霞','1','0','5','0'), ('2','5200740','郭秋景','1','0','5','0'), ('3','5200014','杨泽宏','2','0','5','0'), ('4','5200049','杨光寿','2','0','5','0'), ('5','5200002','龙腾飞','3','0','5','0'), ('6','5200021','韦泽均','3','0','5','0'), ('7','5200262','林全','4','0','5','0'), ('8','5200461','肖邦兵','4','0','5','0'), ('9','5200086','周利辉','1','1','5','0'), ('10','5200018','顾劲勇','2','1','5','0'), ('11','5200315','陈泊','3','1','5','0'), ('12','5200422','黎世萍','4','1','5','0'), ('13','00001','测试员工','1','0','5','0');
INSERT INTO `operator` VALUES ('1','admin','admin','1','0'), ('2','aaa','aaa','2','0');
INSERT INTO `role` VALUES ('1','管理员','0'), ('2','经理','0'), ('3','部门主管','0');
INSERT INTO `role_author` VALUES ('1','1','1','1'), ('2','1','2','1'), ('3','1','3','1'), ('4','1','4','1'), ('5','1','5','1'), ('6','1','6','1'), ('7','1','7','1'), ('8','1','8','1'), ('9','1','9','1'), ('10','1','10','1'), ('11','1','11','1'), ('12','1','12','1'), ('13','1','13','1'), ('14','1','14','1'), ('15','1','15','1'), ('16','1','16','1'), ('17','1','17','1'), ('18','1','18','1'), ('19','1','19','1'), ('20','1','20','1'), ('21','1','21','1'), ('22','1','22','1'), ('23','1','23','1'), ('24','1','24','1'), ('25','1','25','1'), ('26','1','26','1'), ('27','1','27','1'), ('28','1','28','1'), ('29','1','29','1'), ('30','1','30','1'), ('31','1','31','1'), ('32','1','32','1'), ('33','1','33','1'), ('34','1','34','1'), ('35','1','35','1'), ('36','1','36','1'), ('37','1','37','1'), ('38','1','38','1'), ('39','1','39','1'), ('40','1','40','1'), ('41','1','41','1'), ('42','1','42','1'), ('43','1','43','1'), ('44','1','44','1'), ('45','1','45','1'), ('46','2','1','0'), ('47','2','2','1'), ('48','2','3','1'), ('49','2','4','1'), ('50','2','5','1'), ('51','2','6','1'), ('52','2','7','0'), ('53','2','8','0'), ('54','2','9','0'), ('55','2','10','0'), ('56','2','11','0'), ('57','2','12','1'), ('58','2','13','1'), ('59','2','14','1'), ('60','2','15','1'), ('61','2','16','1'), ('62','2','17','0'), ('63','2','18','0'), ('64','2','19','0'), ('65','2','20','0'), ('66','2','21','0'), ('67','2','22','0'), ('68','2','23','0'), ('69','2','24','0'), ('70','2','25','0'), ('71','2','26','0'), ('72','2','27','0'), ('73','2','28','0'), ('74','2','29','0'), ('75','2','30','0'), ('76','2','31','0'), ('77','2','32','0'), ('78','2','33','0'), ('79','2','34','0'), ('80','2','35','0'), ('81','2','36','0'), ('82','2','37','0'), ('83','2','38','0'), ('84','2','39','0'), ('85','2','40','0'), ('86','2','41','0'), ('87','2','42','0'), ('88','2','43','0'), ('89','2','44','0'), ('90','2','45','0'), ('91','3','1','0'), ('92','3','2','0'), ('93','3','3','0'), ('94','3','4','0'), ('95','3','5','0'), ('96','3','6','0'), ('97','3','7','0'), ('98','3','8','0'), ('99','3','9','0'), ('100','3','10','0');
INSERT INTO `role_author` VALUES ('101','3','11','0'), ('102','3','12','1'), ('103','3','13','1'), ('104','3','14','1'), ('105','3','15','1'), ('106','3','16','1'), ('107','3','17','0'), ('108','3','18','0'), ('109','3','19','0'), ('110','3','20','0'), ('111','3','21','0'), ('112','3','22','0'), ('113','3','23','0'), ('114','3','24','0'), ('115','3','25','0'), ('116','3','26','0'), ('117','3','27','0'), ('118','3','28','0'), ('119','3','29','0'), ('120','3','30','0'), ('121','3','31','0'), ('122','3','32','0'), ('123','3','33','0'), ('124','3','34','0'), ('125','3','35','0'), ('126','3','36','0'), ('127','3','37','0'), ('128','3','38','0'), ('129','3','39','0'), ('130','3','40','0'), ('131','3','41','0'), ('132','3','42','0'), ('133','3','43','0'), ('134','3','44','0'), ('135','3','45','0'), ('136','1','46','1'), ('137','2','46','1'), ('138','3','46','0'), ('139','1','47','1'), ('140','2','47','1'), ('141','3','47','0');
INSERT INTO `salary_detail` VALUES ('1','1','1','1','50000.0'), ('2','1','2','1','50000.0'), ('3','1','3','1','50000.0'), ('4','1','4','1','50000.0'), ('5','1','5','1','50000.0'), ('6','1','6','1','50000.0'), ('7','1','7','1','50000.0'), ('8','1','8','1','50000.0'), ('9','1','9','1','50000.0'), ('10','1','10','1','50000.0'), ('11','1','11','1','50000.0'), ('12','1','12','1','50000.0'), ('13','1','1','2','33.0'), ('14','1','2','2','2.0'), ('15','1','3','2','3.0'), ('16','1','4','2','4.0'), ('17','1','5','2','5.0'), ('18','1','6','2','6.0'), ('19','1','7','2','3.0'), ('20','1','8','2','8.0'), ('21','1','9','2','9.0'), ('22','1','10','2','10.0'), ('23','1','11','2','11.0'), ('24','1','12','2','12.0'), ('25','1','1','3','21559.6'), ('26','1','2','3','21559.6'), ('27','1','3','3','7798.2'), ('28','1','4','3','7798.2'), ('29','1','5','3','10091.7'), ('30','1','6','3','10091.7'), ('31','1','7','3','10550.5'), ('32','1','8','3','10550.5'), ('33','1','9','3','21559.6'), ('34','1','10','3','7798.2'), ('35','1','11','3','10091.7'), ('36','1','12','3','10550.5'), ('37','1','1','4','93.0'), ('38','1','2','4','99.0'), ('39','1','3','4','15.0'), ('40','1','4','4','79.0'), ('41','1','5','4','48.0'), ('42','1','6','4','5.0'), ('43','1','7','4','81.0'), ('44','1','8','4','89.0'), ('45','1','9','4','2.0'), ('46','1','10','4','44.0'), ('47','1','11','4','15.0'), ('48','1','12','4','41.0'), ('49','1','1','5','1946.6'), ('50','1','2','5','2072.2'), ('51','1','3','5','169.5'), ('52','1','4','5','892.8'), ('53','1','5','5','1424.7'), ('54','1','6','5','148.4'), ('55','1','7','5','810.0'), ('56','1','8','5','890.0'), ('57','1','9','5','41.9'), ('58','1','10','5','497.3'), ('59','1','11','5','445.2'), ('60','1','12','5','410.0'), ('61','1','1','6','6207.0'), ('62','1','2','6','9650.0'), ('63','1','3','6','9631.0'), ('64','1','4','6','9203.0'), ('65','1','5','6','7121.0'), ('66','1','6','6','7996.0'), ('67','1','7','6','8617.0'), ('68','1','8','6','5000.0'), ('69','1','9','6','9643.0'), ('70','1','10','6','920.0'), ('71','1','11','6','5668.0'), ('72','1','12','6','5582.0'), ('73','1','1','7','3017.3'), ('74','1','2','7','4690.9'), ('75','1','3','7','2281.2'), ('76','1','4','7','2179.8'), ('77','1','5','7','2074.5'), ('78','1','6','7','2329.4'), ('79','1','7','7','2841.2'), ('80','1','8','7','1648.6'), ('81','1','9','7','4687.5'), ('82','1','10','7','217.9'), ('83','1','11','7','1651.2'), ('84','1','12','7','1840.5'), ('85','1','1','8','783.0'), ('86','1','2','8','1649.0'), ('87','1','3','8','5895.0'), ('88','1','4','8','4528.0'), ('89','1','5','8','4956.0'), ('90','1','6','8','1196.0'), ('91','1','7','8','1112.0'), ('92','1','8','8','1971.0'), ('93','1','9','8','6518.0'), ('94','1','10','8','6677.0'), ('95','1','11','8','3831.0'), ('96','1','12','8','9126.0'), ('97','1','1','9','302.2'), ('98','1','2','9','636.4'), ('99','1','3','9','537.7'), ('100','1','4','9','413.0');
INSERT INTO `salary_detail` VALUES ('101','1','5','9','1002.0'), ('102','1','6','9','241.8'), ('103','1','7','9','192.2'), ('104','1','8','9','340.7'), ('105','1','9','9','2515.7'), ('106','1','10','9','609.0'), ('107','1','11','9','774.5'), ('108','1','12','9','1577.3'), ('109','1','1','10','5266.1'), ('110','1','2','10','7399.5'), ('111','1','3','10','2988.4'), ('112','1','4','10','3485.6'), ('113','1','5','10','4501.2'), ('114','1','6','10','2719.6'), ('115','1','7','10','3843.4'), ('116','1','8','10','2879.3'), ('117','1','9','10','7245.1'), ('118','1','10','10','1324.2'), ('119','1','11','10','2870.9'), ('120','1','12','10','3827.8'), ('121','1','1','11','0.0'), ('122','1','2','11','0.0'), ('123','1','3','11','0.0'), ('124','1','4','11','0.0'), ('125','1','5','11','0.0'), ('126','1','6','11','0.0'), ('127','1','7','11','0.0'), ('128','1','8','11','0.0'), ('129','1','9','11','0.0'), ('130','1','10','11','0.0'), ('131','1','11','11','0.0'), ('132','1','12','11','0.0'), ('133','1','1','12','0.0'), ('134','1','2','12','0.0'), ('135','1','3','12','0.0'), ('136','1','4','12','0.0'), ('137','1','5','12','0.0'), ('138','1','6','12','0.0'), ('139','1','7','12','0.0'), ('140','1','8','12','0.0'), ('141','1','9','12','0.0'), ('142','1','10','12','0.0'), ('143','1','11','12','0.0'), ('144','1','12','12','0.0'), ('145','1','1','13','0.0'), ('146','1','2','13','0.0'), ('147','1','3','13','0.0'), ('148','1','4','13','0.0'), ('149','1','5','13','0.0'), ('150','1','6','13','0.0'), ('151','1','7','13','0.0'), ('152','1','8','13','0.0'), ('153','1','9','13','0.0'), ('154','1','10','13','0.0'), ('155','1','11','13','0.0'), ('156','1','12','13','0.0'), ('157','2','1','1','100000.0'), ('158','2','2','1','100000.0'), ('159','2','3','1','100000.0'), ('160','2','4','1','100000.0'), ('161','2','5','1','100000.0'), ('162','2','6','1','100000.0'), ('163','2','7','1','100000.0'), ('164','2','8','1','100000.0'), ('165','2','9','1','100000.0'), ('166','2','10','1','100000.0'), ('167','2','11','1','100000.0'), ('168','2','12','1','100000.0'), ('169','2','1','2','2.0'), ('170','2','2','2','4.0'), ('171','2','3','2','12.0'), ('172','2','4','2','11.0'), ('173','2','5','2','10.0'), ('174','2','6','2','9.0'), ('175','2','7','2','5.0'), ('176','2','8','2','6.0'), ('177','2','9','2','1.0'), ('178','2','10','2','13.0'), ('179','2','11','2','8.0'), ('180','2','12','2','7.0'), ('181','2','1','3','10989.0'), ('182','2','2','3','10989.0'), ('183','2','3','3','39560.4'), ('184','2','4','3','39560.4'), ('185','2','5','3','29670.3'), ('186','2','6','3','29670.3'), ('187','2','7','3','19780.2'), ('188','2','8','3','19780.2'), ('189','2','9','3','10989.0'), ('190','2','10','3','39560.4'), ('191','2','11','3','29670.3'), ('192','2','12','3','19780.2'), ('193','2','1','4','0.0'), ('194','2','2','4','0.0'), ('195','2','3','4','0.0'), ('196','2','4','4','0.0'), ('197','2','5','4','0.0'), ('198','2','6','4','0.0'), ('199','2','7','4','0.0'), ('200','2','8','4','0.0');
INSERT INTO `salary_detail` VALUES ('201','2','9','4','0.0'), ('202','2','10','4','0.0'), ('203','2','11','4','0.0'), ('204','2','12','4','0.0'), ('205','2','1','5','0.0'), ('206','2','2','5','0.0'), ('207','2','3','5','0.0'), ('208','2','4','5','0.0'), ('209','2','5','5','0.0'), ('210','2','6','5','0.0'), ('211','2','7','5','0.0'), ('212','2','8','5','0.0'), ('213','2','9','5','0.0'), ('214','2','10','5','0.0'), ('215','2','11','5','0.0'), ('216','2','12','5','0.0'), ('217','2','1','6','0.0'), ('218','2','2','6','0.0'), ('219','2','3','6','0.0'), ('220','2','4','6','0.0'), ('221','2','5','6','0.0'), ('222','2','6','6','0.0'), ('223','2','7','6','0.0'), ('224','2','8','6','0.0'), ('225','2','9','6','0.0'), ('226','2','10','6','0.0'), ('227','2','11','6','0.0'), ('228','2','12','6','0.0'), ('229','2','1','7','0.0'), ('230','2','2','7','0.0'), ('231','2','3','7','0.0'), ('232','2','4','7','0.0'), ('233','2','5','7','0.0'), ('234','2','6','7','0.0'), ('235','2','7','7','0.0'), ('236','2','8','7','0.0'), ('237','2','9','7','0.0'), ('238','2','10','7','0.0'), ('239','2','11','7','0.0'), ('240','2','12','7','0.0'), ('241','2','1','8','0.0'), ('242','2','2','8','0.0'), ('243','2','3','8','0.0'), ('244','2','4','8','0.0'), ('245','2','5','8','0.0'), ('246','2','6','8','0.0'), ('247','2','7','8','0.0'), ('248','2','8','8','0.0'), ('249','2','9','8','0.0'), ('250','2','10','8','0.0'), ('251','2','11','8','0.0'), ('252','2','12','8','0.0'), ('253','2','1','9','0.0'), ('254','2','2','9','0.0'), ('255','2','3','9','0.0'), ('256','2','4','9','0.0'), ('257','2','5','9','0.0'), ('258','2','6','9','0.0'), ('259','2','7','9','0.0'), ('260','2','8','9','0.0'), ('261','2','9','9','0.0'), ('262','2','10','9','0.0'), ('263','2','11','9','0.0'), ('264','2','12','9','0.0'), ('265','2','1','10','0.0'), ('266','2','2','10','0.0'), ('267','2','3','10','0.0'), ('268','2','4','10','0.0'), ('269','2','5','10','0.0'), ('270','2','6','10','0.0'), ('271','2','7','10','0.0'), ('272','2','8','10','0.0'), ('273','2','9','10','0.0'), ('274','2','10','10','0.0'), ('275','2','11','10','0.0'), ('276','2','12','10','0.0'), ('277','2','1','11','0.0'), ('278','2','2','11','0.0'), ('279','2','3','11','0.0'), ('280','2','4','11','0.0'), ('281','2','5','11','0.0'), ('282','2','6','11','0.0'), ('283','2','7','11','0.0'), ('284','2','8','11','0.0'), ('285','2','9','11','0.0'), ('286','2','10','11','0.0'), ('287','2','11','11','0.0'), ('288','2','12','11','0.0'), ('289','2','1','12','0.0'), ('290','2','2','12','0.0'), ('291','2','3','12','0.0'), ('292','2','4','12','0.0'), ('293','2','5','12','0.0'), ('294','2','6','12','0.0'), ('295','2','7','12','0.0'), ('296','2','8','12','0.0'), ('297','2','9','12','0.0'), ('298','2','10','12','0.0'), ('299','2','11','12','0.0'), ('300','2','12','12','0.0');
INSERT INTO `salary_detail` VALUES ('301','2','1','13','0.0'), ('302','2','2','13','0.0'), ('303','2','3','13','0.0'), ('304','2','4','13','0.0'), ('305','2','5','13','0.0'), ('306','2','6','13','0.0'), ('307','2','7','13','0.0'), ('308','2','8','13','0.0'), ('309','2','9','13','0.0'), ('310','2','10','13','0.0'), ('311','2','11','13','0.0'), ('312','2','12','13','0.0'), ('313','2','1','17','0.0'), ('314','2','2','17','0.0'), ('315','2','3','17','0.0'), ('316','2','4','17','0.0'), ('317','2','5','17','0.0'), ('318','2','6','17','0.0'), ('319','2','7','17','0.0'), ('320','2','8','17','0.0'), ('321','2','9','17','0.0'), ('322','2','10','17','0.0'), ('323','2','11','17','0.0'), ('324','2','12','17','0.0'), ('412','1','1','17','0.0'), ('413','1','2','17','0.0'), ('414','1','3','17','0.0'), ('415','1','4','17','0.0'), ('416','1','5','17','0.0'), ('417','1','6','17','0.0'), ('418','1','7','17','0.0'), ('419','1','8','17','0.0'), ('420','1','9','17','0.0'), ('421','1','10','17','0.0'), ('422','1','11','17','0.0'), ('423','1','12','17','0.0'), ('427','3','1','1','0.0'), ('428','3','2','1','0.0'), ('429','3','3','1','0.0'), ('430','3','4','1','0.0'), ('431','3','5','1','0.0'), ('432','3','6','1','0.0'), ('433','3','7','1','0.0'), ('434','3','8','1','0.0'), ('435','3','9','1','0.0'), ('436','3','10','1','0.0'), ('437','3','11','1','0.0'), ('438','3','12','1','0.0'), ('439','3','1','2','0.0'), ('440','3','2','2','0.0'), ('441','3','3','2','0.0'), ('442','3','4','2','0.0'), ('443','3','5','2','0.0'), ('444','3','6','2','0.0'), ('445','3','7','2','0.0'), ('446','3','8','2','0.0'), ('447','3','9','2','0.0'), ('448','3','10','2','0.0'), ('449','3','11','2','0.0'), ('450','3','12','2','0.0'), ('451','3','1','3','0.0'), ('452','3','2','3','0.0'), ('453','3','3','3','0.0'), ('454','3','4','3','0.0'), ('455','3','5','3','0.0'), ('456','3','6','3','0.0'), ('457','3','7','3','0.0'), ('458','3','8','3','0.0'), ('459','3','9','3','0.0'), ('460','3','10','3','0.0'), ('461','3','11','3','0.0'), ('462','3','12','3','0.0'), ('463','3','1','4','0.0'), ('464','3','2','4','0.0'), ('465','3','3','4','0.0'), ('466','3','4','4','0.0'), ('467','3','5','4','0.0'), ('468','3','6','4','0.0'), ('469','3','7','4','0.0'), ('470','3','8','4','0.0'), ('471','3','9','4','0.0'), ('472','3','10','4','0.0'), ('473','3','11','4','0.0'), ('474','3','12','4','0.0'), ('475','3','1','5','0.0'), ('476','3','2','5','0.0'), ('477','3','3','5','0.0'), ('478','3','4','5','0.0'), ('479','3','5','5','0.0'), ('480','3','6','5','0.0'), ('481','3','7','5','0.0'), ('482','3','8','5','0.0'), ('483','3','9','5','0.0'), ('484','3','10','5','0.0'), ('485','3','11','5','0.0'), ('486','3','12','5','0.0'), ('487','3','1','6','0.0'), ('488','3','2','6','0.0'), ('489','3','3','6','0.0'), ('490','3','4','6','0.0');
INSERT INTO `salary_detail` VALUES ('491','3','5','6','0.0'), ('492','3','6','6','0.0'), ('493','3','7','6','0.0'), ('494','3','8','6','0.0'), ('495','3','9','6','0.0'), ('496','3','10','6','0.0'), ('497','3','11','6','0.0'), ('498','3','12','6','0.0'), ('499','3','1','7','0.0'), ('500','3','2','7','0.0'), ('501','3','3','7','0.0'), ('502','3','4','7','0.0'), ('503','3','5','7','0.0'), ('504','3','6','7','0.0'), ('505','3','7','7','0.0'), ('506','3','8','7','0.0'), ('507','3','9','7','0.0'), ('508','3','10','7','0.0'), ('509','3','11','7','0.0'), ('510','3','12','7','0.0'), ('511','3','1','8','0.0'), ('512','3','2','8','0.0'), ('513','3','3','8','0.0'), ('514','3','4','8','0.0'), ('515','3','5','8','0.0'), ('516','3','6','8','0.0'), ('517','3','7','8','0.0'), ('518','3','8','8','0.0'), ('519','3','9','8','0.0'), ('520','3','10','8','0.0'), ('521','3','11','8','0.0'), ('522','3','12','8','0.0'), ('523','3','1','9','0.0'), ('524','3','2','9','0.0'), ('525','3','3','9','0.0'), ('526','3','4','9','0.0'), ('527','3','5','9','0.0'), ('528','3','6','9','0.0'), ('529','3','7','9','0.0'), ('530','3','8','9','0.0'), ('531','3','9','9','0.0'), ('532','3','10','9','0.0'), ('533','3','11','9','0.0'), ('534','3','12','9','0.0'), ('535','3','1','10','0.0'), ('536','3','2','10','0.0'), ('537','3','3','10','0.0'), ('538','3','4','10','0.0'), ('539','3','5','10','0.0'), ('540','3','6','10','0.0'), ('541','3','7','10','0.0'), ('542','3','8','10','0.0'), ('543','3','9','10','0.0'), ('544','3','10','10','0.0'), ('545','3','11','10','0.0'), ('546','3','12','10','0.0'), ('547','3','1','11','0.0'), ('548','3','2','11','0.0'), ('549','3','3','11','0.0'), ('550','3','4','11','0.0'), ('551','3','5','11','0.0'), ('552','3','6','11','0.0'), ('553','3','7','11','0.0'), ('554','3','8','11','0.0'), ('555','3','9','11','0.0'), ('556','3','10','11','0.0'), ('557','3','11','11','0.0'), ('558','3','12','11','0.0'), ('559','3','1','12','0.0'), ('560','3','2','12','0.0'), ('561','3','3','12','0.0'), ('562','3','4','12','0.0'), ('563','3','5','12','0.0'), ('564','3','6','12','0.0'), ('565','3','7','12','0.0'), ('566','3','8','12','0.0'), ('567','3','9','12','0.0'), ('568','3','10','12','0.0'), ('569','3','11','12','0.0'), ('570','3','12','12','0.0'), ('571','3','1','13','0.0'), ('572','3','2','13','0.0'), ('573','3','3','13','0.0'), ('574','3','4','13','0.0'), ('575','3','5','13','0.0'), ('576','3','6','13','0.0'), ('577','3','7','13','0.0'), ('578','3','8','13','0.0'), ('579','3','9','13','0.0'), ('580','3','10','13','0.0'), ('581','3','11','13','0.0'), ('582','3','12','13','0.0'), ('583','3','1','17','0.0'), ('584','3','2','17','0.0'), ('585','3','3','17','0.0'), ('586','3','4','17','0.0'), ('587','3','5','17','0.0'), ('588','3','6','17','0.0'), ('589','3','7','17','0.0'), ('590','3','8','17','0.0');
INSERT INTO `salary_detail` VALUES ('591','3','9','17','0.0'), ('592','3','10','17','0.0'), ('593','3','11','17','0.0'), ('594','3','12','17','0.0'), ('682','1','1','14','0.0'), ('683','1','2','14','0.0'), ('684','1','3','14','0.0'), ('685','1','4','14','0.0'), ('686','1','5','14','0.0'), ('687','1','6','14','0.0'), ('688','1','7','14','0.0'), ('689','1','8','14','0.0'), ('690','1','9','14','0.0'), ('691','1','10','14','0.0'), ('692','1','11','14','0.0'), ('693','1','12','14','0.0'), ('694','1','1','15','0.0'), ('695','1','2','15','0.0'), ('696','1','3','15','0.0'), ('697','1','4','15','0.0'), ('698','1','5','15','0.0'), ('699','1','6','15','0.0'), ('700','1','7','15','0.0'), ('701','1','8','15','0.0'), ('702','1','9','15','0.0'), ('703','1','10','15','0.0'), ('704','1','11','15','0.0'), ('705','1','12','15','0.0'), ('706','1','1','16','0.0'), ('707','1','2','16','0.0'), ('708','1','3','16','0.0'), ('709','1','4','16','0.0'), ('710','1','5','16','0.0'), ('711','1','6','16','0.0'), ('712','1','7','16','0.0'), ('713','1','8','16','0.0'), ('714','1','9','16','0.0'), ('715','1','10','16','0.0'), ('716','1','11','16','0.0'), ('717','1','12','16','0.0'), ('718','1','13','1','50000.0'), ('719','1','13','2','3.0'), ('720','1','13','3','21559.6'), ('721','1','13','4','12.0'), ('722','1','13','5','251.2'), ('723','1','13','6','1111.0'), ('724','1','13','7','540.1'), ('725','1','13','8','2222.0'), ('726','1','13','9','857.6'), ('727','1','13','10','1648.9'), ('728','1','13','11','0.0'), ('729','1','13','12','0.0'), ('730','1','13','13','0.0'), ('731','1','13','14','0.0'), ('732','1','13','15','0.0'), ('733','1','13','16','0.0'), ('734','1','13','17','0.0'), ('749','2','1','14','0.0'), ('750','2','2','14','0.0'), ('751','2','3','14','0.0'), ('752','2','4','14','0.0'), ('753','2','5','14','0.0'), ('754','2','6','14','0.0'), ('755','2','7','14','0.0'), ('756','2','8','14','0.0'), ('757','2','9','14','0.0'), ('758','2','10','14','0.0'), ('759','2','11','14','0.0'), ('760','2','12','14','0.0'), ('761','2','13','14','0.0'), ('762','2','1','15','0.0'), ('763','2','2','15','0.0'), ('764','2','3','15','0.0'), ('765','2','4','15','0.0'), ('766','2','5','15','0.0'), ('767','2','6','15','0.0'), ('768','2','7','15','0.0'), ('769','2','8','15','0.0'), ('770','2','9','15','0.0'), ('771','2','10','15','0.0'), ('772','2','11','15','0.0'), ('773','2','12','15','0.0'), ('774','2','13','15','0.0'), ('775','2','1','16','0.0'), ('776','2','2','16','0.0'), ('777','2','3','16','0.0'), ('778','2','4','16','0.0'), ('779','2','5','16','0.0'), ('780','2','6','16','0.0'), ('781','2','7','16','0.0'), ('782','2','8','16','0.0'), ('783','2','9','16','0.0'), ('784','2','10','16','0.0'), ('785','2','11','16','0.0'), ('786','2','12','16','0.0'), ('787','2','13','16','0.0'), ('788','2','13','1','100000.0'), ('789','2','13','2','3.0'), ('790','2','13','3','10989.0'), ('791','2','13','4','0.0');
INSERT INTO `salary_detail` VALUES ('792','2','13','5','0.0'), ('793','2','13','6','0.0'), ('794','2','13','7','0.0'), ('795','2','13','8','0.0'), ('796','2','13','9','0.0'), ('797','2','13','10','0.0'), ('798','2','13','11','0.0'), ('799','2','13','12','0.0'), ('800','2','13','13','0.0'), ('801','2','13','17','0.0');
INSERT INTO `salary_item` VALUES ('1','奖金总额','0','0','0','1'), ('2','分值','0','0','1','1'), ('3','本部门奖金分配额','1','0','1','0'), ('4','工作量','0','0','1','1'), ('5','工作量奖励','1','0','1','0'), ('6','服务费收取','0','0','1','1'), ('7','服务费奖励','1','0','1','0'), ('8','二次销售','0','0','1','1'), ('9','二次销售奖励','1','0','1','0'), ('10','合计奖励','1','0','1','0'), ('11','1','0','0','0','0'), ('12','测试2','0','0','0','0'), ('13','测试3','0','0','0','0'), ('14','4','0','0','0','0'), ('15','5','0','0','0','0'), ('16','6','0','0','0','0'), ('17','k','0','0','0','0');
INSERT INTO `salary_item_expression` VALUES ('1','3','设置本部门奖金分配额','fnGetDepartmentMoney(:account_id,:emp_id,2)*fnGetSalaryMoney(:account_id,:emp_id,1)/fnGetItemMoney(:account_id,2)','设置本部门奖金分配额'), ('10','5','设置工作量奖励','fnGetSalaryMoney(:account_id,:emp_id,3)*0.2*fnGetSalaryMoney(:account_id,:emp_id,4)/fnGetDepartmentMoney(:account_id,:emp_id,4)','设置工作量奖励'), ('11','7','设置服务费奖励','fnGetSalaryMoney(:account_id,:emp_id,3)*0.6*fnGetSalaryMoney(:account_id,:emp_id,6)/fnGetDepartmentMoney(:account_id,:emp_id,6)','设置服务费奖励'), ('12','9','设置二次销售奖励','fnGetSalaryMoney(:account_id,:emp_id,3)*0.2*fnGetSalaryMoney(:account_id,:emp_id,8)/fnGetDepartmentMoney(:account_id,:emp_id,8)','设置二次销售奖励'), ('13','10','设置合计奖励','fnGetSalaryMoney(:account_id,:emp_id,5)+fnGetSalaryMoney(:account_id,:emp_id,7)+fnGetSalaryMoney(:account_id,:emp_id,9)','设置合计奖励');
INSERT INTO `salary_item_unit` VALUES ('5','通用计算模板','1,10,11,12,13,'), ('6','asdf','1,1,1,1,1,1,');
