/*
MySQL Backup
Source Server Version: 5.5.41
Source Database: salarydata
Date: 2015/1/14 13:39:17
增加了各表之间的外键
*/

SET FOREIGN_KEY_CHECKS=0;

-- ----------------------------
--  Table structure for `account`
-- ----------------------------
DROP TABLE IF EXISTS `account`;
CREATE TABLE `account` (
  `id` int(11) NOT NULL AUTO_INCREMENT,
  `name` varchar(50) NOT NULL COMMENT '工资期间名称',
  `daystart` date NOT NULL COMMENT '开始日期',
  `dayend` date NOT NULL COMMENT '结束日期',
  PRIMARY KEY (`id`),
  UNIQUE KEY `AK_uni_name` (`name`)
) ENGINE=InnoDB AUTO_INCREMENT=12 DEFAULT CHARSET=utf8 COMMENT='工资期间';

-- ----------------------------
--  Table structure for `author`
-- ----------------------------
DROP TABLE IF EXISTS `author`;
CREATE TABLE `author` (
  `id` int(11) NOT NULL AUTO_INCREMENT COMMENT '权限id',
  `pid` int(11) NOT NULL DEFAULT '1' COMMENT '上级权限id',
  `name` varchar(50) NOT NULL COMMENT '权限名称',
  `code` varchar(50) NOT NULL COMMENT '权限代码',
  PRIMARY KEY (`id`)
) ENGINE=InnoDB AUTO_INCREMENT=49 DEFAULT CHARSET=utf8 COMMENT='权限表';

-- ----------------------------
--  Table structure for `department`
-- ----------------------------
DROP TABLE IF EXISTS `department`;
CREATE TABLE `department` (
  `id` int(11) NOT NULL AUTO_INCREMENT,
  `name` varchar(50) NOT NULL COMMENT '部门名称',
  `isdel` int(11) NOT NULL DEFAULT '0' COMMENT '是否删除,0为未删除，1为删除',
  PRIMARY KEY (`id`),
  KEY `AK_uni_dept_name` (`name`)
) ENGINE=InnoDB AUTO_INCREMENT=6 DEFAULT CHARSET=utf8 COMMENT='部门表';

-- ----------------------------
--  Table structure for `employee`
-- ----------------------------
DROP TABLE IF EXISTS `employee`;
CREATE TABLE `employee` (
  `id` int(11) NOT NULL AUTO_INCREMENT,
  `code` varchar(50) NOT NULL COMMENT '员工编号',
  `name` varchar(50) NOT NULL COMMENT '员工姓名',
  `department_id` int(5) NOT NULL DEFAULT '1' COMMENT '部门id',
  `level` int(1) NOT NULL DEFAULT '0' COMMENT '员工级别，0为默认普通员工，1为主管，2为经理',
  `salary_item_unit_id` int(5) NOT NULL DEFAULT '0' COMMENT '工资项目组件id,用来关联用户的计算公式',
  `isdel` int(1) NOT NULL DEFAULT '0' COMMENT '是否删除，0为未删除，1为已删除',
  PRIMARY KEY (`id`),
  UNIQUE KEY `AK_uni_emp_code` (`code`),
  KEY `FK_emp_dept` (`department_id`),
  KEY `fkem_salary_item_unit_id` (`salary_item_unit_id`),
  CONSTRAINT `FKem_department_id` FOREIGN KEY (`department_id`) REFERENCES `department` (`id`),
  CONSTRAINT `fkem_salary_item_unit_id` FOREIGN KEY (`salary_item_unit_id`) REFERENCES `salary_item_unit` (`id`)
) ENGINE=InnoDB AUTO_INCREMENT=15 DEFAULT CHARSET=utf8 COMMENT='员工表';

-- ----------------------------
--  Table structure for `operator`
-- ----------------------------
DROP TABLE IF EXISTS `operator`;
CREATE TABLE `operator` (
  `id` int(11) NOT NULL AUTO_INCREMENT COMMENT '操作员id',
  `name` varchar(50) NOT NULL COMMENT '登录名',
  `pass` varchar(32) DEFAULT '' COMMENT '密码',
  `role_id` int(11) NOT NULL COMMENT '角色id',
  `isdel` int(11) NOT NULL DEFAULT '0' COMMENT '是否删除,0未删除,1删除',
  PRIMARY KEY (`id`),
  KEY `fkop_role_id` (`role_id`),
  CONSTRAINT `fkop_role_id` FOREIGN KEY (`role_id`) REFERENCES `role` (`id`)
) ENGINE=InnoDB AUTO_INCREMENT=3 DEFAULT CHARSET=utf8 COMMENT='操作员表';

-- ----------------------------
--  Table structure for `role`
-- ----------------------------
DROP TABLE IF EXISTS `role`;
CREATE TABLE `role` (
  `id` int(11) NOT NULL AUTO_INCREMENT COMMENT '角色id',
  `name` varchar(50) NOT NULL COMMENT '角色名称',
  `isdel` int(1) NOT NULL DEFAULT '0' COMMENT '是否删除,1删除,0未删除',
  PRIMARY KEY (`id`)
) ENGINE=InnoDB AUTO_INCREMENT=4 DEFAULT CHARSET=utf8 COMMENT='角色表';

-- ----------------------------
--  Table structure for `role_author`
-- ----------------------------
DROP TABLE IF EXISTS `role_author`;
CREATE TABLE `role_author` (
  `id` int(11) NOT NULL AUTO_INCREMENT COMMENT '角色权限id',
  `role_id` int(11) NOT NULL COMMENT '角色id',
  `author_id` int(11) NOT NULL COMMENT '权限id',
  `isallow` int(1) NOT NULL DEFAULT '0' COMMENT '是否允许,1允许,0不允许',
  PRIMARY KEY (`id`),
  KEY `fkra_author_id` (`author_id`),
  KEY `fkra_role_id` (`role_id`),
  CONSTRAINT `fkra_role_id` FOREIGN KEY (`role_id`) REFERENCES `role` (`id`),
  CONSTRAINT `fkra_author_id` FOREIGN KEY (`author_id`) REFERENCES `author` (`id`)
) ENGINE=InnoDB AUTO_INCREMENT=145 DEFAULT CHARSET=utf8 COMMENT='角色权限表';

-- ----------------------------
--  Table structure for `salary_detail`
-- ----------------------------
DROP TABLE IF EXISTS `salary_detail`;
CREATE TABLE `salary_detail` (
  `id` int(11) NOT NULL AUTO_INCREMENT,
  `account_id` int(11) NOT NULL COMMENT '工资期间id',
  `emp_id` int(11) NOT NULL COMMENT '员工id',
  `salary_item_id` int(11) NOT NULL COMMENT '工资项目id',
  `money` decimal(12,1) NOT NULL DEFAULT '0.0' COMMENT '金额',
  PRIMARY KEY (`id`),
  KEY `FK_saldetail_acc` (`account_id`),
  KEY `FK_saldetail_emp` (`emp_id`),
  KEY `FK_saldetail_item` (`salary_item_id`),
  CONSTRAINT `FKsd_saldetail_item` FOREIGN KEY (`salary_item_id`) REFERENCES `salary_item` (`id`),
  CONSTRAINT `FKsd_saldetail_acc` FOREIGN KEY (`account_id`) REFERENCES `account` (`id`),
  CONSTRAINT `FKsd_saldetail_emp` FOREIGN KEY (`emp_id`) REFERENCES `employee` (`id`)
) ENGINE=InnoDB AUTO_INCREMENT=2631 DEFAULT CHARSET=utf8 COMMENT='工资明细表';

-- ----------------------------
--  Table structure for `salary_item`
-- ----------------------------
DROP TABLE IF EXISTS `salary_item`;
CREATE TABLE `salary_item` (
  `id` int(11) NOT NULL AUTO_INCREMENT,
  `name` varchar(50) NOT NULL COMMENT '工资项目名称',
  `level` int(1) NOT NULL DEFAULT '0' COMMENT '是否公式计算,0为默认不计算,1为需要公式计算',
  `isdel` int(1) NOT NULL DEFAULT '0' COMMENT '是否删除，0未删除，1已删除',
  `isshow` int(1) NOT NULL DEFAULT '1' COMMENT '是否显示',
  `isedit` int(1) NOT NULL DEFAULT '0' COMMENT '是否可编辑,1可编辑,0不可编辑',
  PRIMARY KEY (`id`),
  UNIQUE KEY `AK_uni_item_name` (`name`)
) ENGINE=InnoDB AUTO_INCREMENT=18 DEFAULT CHARSET=utf8 COMMENT='工资项目';

-- ----------------------------
--  Table structure for `salary_item_expression`
-- ----------------------------
DROP TABLE IF EXISTS `salary_item_expression`;
CREATE TABLE `salary_item_expression` (
  `id` int(11) NOT NULL AUTO_INCREMENT,
  `salary_item_id` int(11) NOT NULL COMMENT '工资项目id(用公式来改变该项目id金额)',
  `name` varchar(100) NOT NULL COMMENT '公式名称',
  `dynmaicsql` varchar(5000) DEFAULT '' COMMENT '动态SQL语句',
  `comment` varchar(5000) DEFAULT '' COMMENT '公式内容',
  PRIMARY KEY (`id`),
  KEY `FK_exp_item` (`salary_item_id`),
  CONSTRAINT `FKsie_salary_item_id` FOREIGN KEY (`salary_item_id`) REFERENCES `salary_item` (`id`)
) ENGINE=InnoDB AUTO_INCREMENT=14 DEFAULT CHARSET=utf8 COMMENT='工资项目动态SQL公式';

-- ----------------------------
--  Table structure for `salary_item_unit`
-- ----------------------------
DROP TABLE IF EXISTS `salary_item_unit`;
CREATE TABLE `salary_item_unit` (
  `id` int(11) NOT NULL AUTO_INCREMENT,
  `name` varchar(200) NOT NULL COMMENT '组件名称',
  `sequence` varchar(200) DEFAULT '' COMMENT '组件执行顺序,用salary_item_express的id来排列',
  PRIMARY KEY (`id`)
) ENGINE=InnoDB AUTO_INCREMENT=7 DEFAULT CHARSET=utf8 COMMENT='工资项目组件表';

-- ----------------------------
--  View definition for `qunewauthor`
-- ----------------------------
DROP VIEW IF EXISTS `qunewauthor`;
CREATE ALGORITHM=UNDEFINED DEFINER=`root`@`localhost` SQL SECURITY DEFINER VIEW `qunewauthor` AS select `role`.`id` AS `role_id`,`author`.`id` AS `author_id`,0 AS `isallow` from (`role` join `author`) where (not(`author`.`id` in (select distinct `role_author`.`author_id` from `role_author`)));

-- ----------------------------
--  Procedure definition for `fnGetDepartmentMoney`
-- ----------------------------
DROP FUNCTION IF EXISTS `fnGetDepartmentMoney`;
DELIMITER ;;
CREATE DEFINER=`root`@`localhost` FUNCTION `fnGetDepartmentMoney`(account_id1 int,emp_id1 int,salary_item_id1 int) RETURNS decimal(12,1)
    DETERMINISTIC
    COMMENT '根据工资期间id,员工id,项目id来统计本部门完成总金额'
begin
declare departmentmoney decimal(12,1);
select sum(money) into departmentmoney 
from salary_detail
left join employee
on salary_detail.emp_id=employee.id
where account_id=account_id1
and salary_item_id=salary_item_id1
and employee.department_id in 
(select emp1.department_id from employee emp1
where emp1.id=emp_id1);

return ifnull(departmentmoney,0);
end
;;
DELIMITER ;

-- ----------------------------
--  Procedure definition for `fnGetDeptEmpCount`
-- ----------------------------
DROP FUNCTION IF EXISTS `fnGetDeptEmpCount`;
DELIMITER ;;
CREATE DEFINER=`root`@`localhost` FUNCTION `fnGetDeptEmpCount`(emp_id1 int) RETURNS int(11)
    DETERMINISTIC
    COMMENT '根据员工id来统计本部门人员数'
begin
declare employeecount int;
select count(1) into employeecount from employee
where department_id IN
(select department_id from employee
where employee.id=emp_id1);

return ifnull(employeecount,0);
end
;;
DELIMITER ;

-- ----------------------------
--  Procedure definition for `fnGetItemMoney`
-- ----------------------------
DROP FUNCTION IF EXISTS `fnGetItemMoney`;
DELIMITER ;;
CREATE DEFINER=`root`@`localhost` FUNCTION `fnGetItemMoney`(`account_id1` int,`salary_item_id1` int) RETURNS decimal(12,1)
    COMMENT '根据奖金期间id,工资项目id来获取本项目的合计金额'
BEGIN
	declare total_money decimal(12,1);
	select sum(money) into total_money from salary_detail
	where account_id=account_id1
	and salary_item_id=salary_item_id1;

	RETURN ifnull(total_money,0);
END
;;
DELIMITER ;

-- ----------------------------
--  Procedure definition for `fnGetRandDate`
-- ----------------------------
DROP FUNCTION IF EXISTS `fnGetRandDate`;
DELIMITER ;;
CREATE DEFINER=`root`@`localhost` FUNCTION `fnGetRandDate`(howlong int) RETURNS varchar(50) CHARSET utf8
    DETERMINISTIC
    COMMENT '生成随机日期'
BEGIN
	DECLARE return_day VARCHAR(50);
	select SUBDATE(CURRENT_DATE(),INTERVAL howlong DAY) into return_day;
	RETURN return_day;
END
;;
DELIMITER ;

-- ----------------------------
--  Procedure definition for `fnGetRandNum`
-- ----------------------------
DROP FUNCTION IF EXISTS `fnGetRandNum`;
DELIMITER ;;
CREATE DEFINER=`root`@`localhost` FUNCTION `fnGetRandNum`(howlong int) RETURNS int(11)
    DETERMINISTIC
    COMMENT '生成随机数字'
BEGIN
	DECLARE return_no INT;
	SELECT ROUND(ROUND(RAND(),9)*pow(10,howlong)) INTO return_no;
	RETURN return_no;
END
;;
DELIMITER ;

-- ----------------------------
--  Procedure definition for `fnGetSalaryMoney`
-- ----------------------------
DROP FUNCTION IF EXISTS `fnGetSalaryMoney`;
DELIMITER ;;
CREATE DEFINER=`root`@`localhost` FUNCTION `fnGetSalaryMoney`(account_id1 int,emp_id1 int,salary_item_id1 int) RETURNS decimal(12,1)
    DETERMINISTIC
    COMMENT '根据工资期间id,员工id,工资项目id来获取工资项目明细金额'
begin
declare return_money decimal(12,1);
select money into return_money
from salary_detail
where account_id=account_id1
and emp_id=emp_id1
and salary_item_id=salary_item_id1;
return ifnull(return_money,0);
end
;;
DELIMITER ;

-- ----------------------------
--  Procedure definition for `fnGetSalarySql`
-- ----------------------------
DROP FUNCTION IF EXISTS `fnGetSalarySql`;
DELIMITER ;;
CREATE DEFINER=`root`@`localhost` FUNCTION `fnGetSalarySql`(account_id varchar(100)) RETURNS varchar(10000) CHARSET utf8
    DETERMINISTIC
    COMMENT '用来获取动态的员工工资项目金额明细(横向表)'
begin
	declare dynmaicsqltop varchar(10000);
	declare dynmaicsql varchar(5000);
	declare tempsql varchar(500);
	declare name1 varchar(50);
	declare itemcount int;
	declare itemid int;
	declare str_id char(10);
	declare str_field char(20);
	select count(1) into itemcount from salary_item;
	select 'select emp.id as empid,emp.name as empname,emp.code,dept.name as deptname,' into dynmaicsqltop;
	select 'select emp_id,' into dynmaicsql;
	set itemid=1;
	while itemid<itemcount do
		select cast(itemcount as char(10)) into str_id;
		select name into name1 from salary_item where id=itemid;
		select cast(itemid as char(10)) into str_id;
		select concat('field',str_id) into str_field;
		select concat(dynmaicsqltop,' sum(',str_field,') as \'',name1,'\',') into dynmaicsqltop;
		
		select concat('case salary_item_id when ',str_id,' then money else 0 end as \'',str_field,'\',') into tempsql;
		select concat(dynmaicsql,tempsql) into dynmaicsql;
		set itemid=itemid+1;
	end while;
	select concat(dynmaicsqltop,'\'\' as temp from (') into dynmaicsqltop;
	select concat(dynmaicsql,'\'\' as temp from salary_detail where account_id=\'',account_id,'\') sal left join employee emp on emp.id=sal.emp_id ')into dynmaicsql;
	select concat(dynmaicsql,' left join department dept on emp.department_id=dept.id group by emp.name,emp.code,') into dynmaicsql;
	select concat(dynmaicsql,'temp,dept.name order by deptname,empname') into dynmaicsql;
	#select dynmaicsqltop;
	select concat(dynmaicsqltop,dynmaicsql) into dynmaicsqltop;
	return ifnull(dynmaicsqltop,'');
end
;;
DELIMITER ;

-- ----------------------------
--  Procedure definition for `fnRandSalaryDetailMoney`
-- ----------------------------
DROP PROCEDURE IF EXISTS `fnRandSalaryDetailMoney`;
DELIMITER ;;
CREATE DEFINER=`root`@`localhost` PROCEDURE `fnRandSalaryDetailMoney`(IN `account_id1` int,IN `salary_item_id1` int,IN `numLen` int)
    COMMENT '测试用，随机生成数据给奖金明细表的money字段'
BEGIN
	DECLARE done INT DEFAULT 0;
	declare empid int;
	declare cur_salary_detail cursor for 
	select emp_id from salary_detail
	where account_id=account_id1
	and salary_item_id=salary_item_id1;

	DECLARE CONTINUE HANDLER FOR SQLSTATE '02000' SET done = 1;

	open cur_salary_detail;
	REPEAT
		fetch cur_salary_detail into empid;
		if not done THEN
			update salary_detail
			set money=fnGetRandNum(numLen)
			where account_id=account_id1
			and salary_item_id=salary_item_id1;
		end if;
	UNTIL done END REPEAT;
	close cur_salary_detail;
END
;;
DELIMITER ;

-- ----------------------------
--  Procedure definition for `prInitSalaryDetail`
-- ----------------------------
DROP PROCEDURE IF EXISTS `prInitSalaryDetail`;
DELIMITER ;;
CREATE DEFINER=`root`@`localhost` PROCEDURE `prInitSalaryDetail`(in account_id1 int)
    COMMENT '根据账套id来初始化本月的工资项目明细'
BEGIN
	insert into salary_detail(account_id,emp_id,salary_item_id,money)
	select account_id1,employee.id,salary_item.id,0.0
		from employee,salary_item
		where employee.isdel=0
		and salary_item.isdel=0
		and salary_item.id not in 
		(select salary_item_id from salary_detail
		where account_id=account_id1)
	union 
	select account_id1,employee.id,salary_item.id,0.0
		from employee,salary_item
		where employee.isdel=0
		and salary_item.isdel=0
		and employee.id not in
		(select emp_id from salary_detail
	where account_id=account_id1);
END
;;
DELIMITER ;

-- ----------------------------
--  Procedure definition for `prSetSalaryDetail`
-- ----------------------------
DROP PROCEDURE IF EXISTS `prSetSalaryDetail`;
DELIMITER ;;
CREATE DEFINER=`root`@`localhost` PROCEDURE `prSetSalaryDetail`(IN `account_id1` int,IN `emp_id1` int,IN `salary_item_id1` int,IN `money1` decimal(12,1))
    COMMENT '设置员工工资项目金额'
BEGIN
	update salary_detail
	set money=money1
	where account_id=account_id1
	and salary_item_id=salary_item_id1
	and emp_id=emp_id1;
END
;;
DELIMITER ;

-- ----------------------------
--  Records 
-- ----------------------------
INSERT INTO `account` VALUES ('1','201411','2014-11-01','2014-11-30'), ('2','201412','2014-12-01','2014-12-31'), ('3','201501','2015-01-01','2015-01-31'), ('4','201502','2015-02-01','2015-02-28'), ('5','201503','2015-01-01','2015-01-31'), ('6','201504','2015-01-01','2015-01-01'), ('7','201505','2015-01-13','2015-01-13'), ('8','201506','2015-01-13','2015-01-13'), ('9','201507','2015-01-13','2015-01-13'), ('10','201508','2015-01-13','2015-01-13'), ('11','201409','2015-01-01','2015-01-13');
INSERT INTO `author` VALUES ('1','0','权限目录','basic'), ('2','1','奖金期间管理','basic'), ('3','2','奖金期间添加','addAccount'), ('4','2','奖金期间修改','editAccount'), ('5','2','奖金期间删除','delAccount'), ('6','2','奖金期间查看','getAccountlist'), ('7','1','部门管理','basic'), ('8','7','部门添加','addDepartment'), ('9','7','部门修改','editDepartment'), ('10','7','部门删除','delDepartment'), ('11','7','部门查看','getDepartmentlist'), ('12','1','职员管理','basic'), ('13','12','职员添加','addEmployee'), ('14','12','职员修改','editEmployee'), ('15','12','职员删除','delEmployee'), ('16','12','职员查看','getEmployeelist'), ('17','1','操作员管理','basic'), ('18','17','操作员添加','addOperator'), ('19','17','操作员修改','editOperator'), ('20','17','操作员删除','delOperator'), ('21','17','操作员查看','getOperatorlist'), ('22','1','角色管理','basic'), ('23','22','角色添加','addRole'), ('24','22','角色修改','editRole'), ('25','22','角色删除','delRole'), ('26','22','角色查看','getRolelist'), ('27','1','奖金明细管理','basic'), ('28','27','查看奖金明细','getSalarydetaillist'), ('29','27','奖金核算','calcSalarydetail'), ('30','27','奖金修改','editSalarydetailFromDatagrid'), ('31','1','奖金项目管理','basic'), ('32','31','奖金项目添加','addSalaryitem'), ('33','31','奖金项目修改','editSalaryitem'), ('34','31','奖金项目删除','delSalaryitem'), ('35','31','奖金项目查看','getSalaryitemlist'), ('36','1','奖金公式管理','basic'), ('37','36','奖金公式添加','addSalaryitemexpression'), ('38','36','奖金公式修改','editSalaryitemexpression'), ('39','36','奖金公式删除','delSalaryitemexpression'), ('40','36','奖金公式查看','getSalaryitemexpressionlist'), ('41','1','奖金公式模板管理','basic'), ('42','41','奖金公式模板添加','addSalaryitemunit'), ('43','41','奖金公式模板修改','editSalaryitemunit'), ('44','41','奖金公式模板删除','delSalaryitemunit'), ('45','41','奖金公式模板查看','getSalaryitemunitlist'), ('46','22','角色授权','getRoleauthorlist'), ('47','22','修改授权信息','editRoleauthor'), ('48','27','批量设置奖金','batchSetSalarydetail');
INSERT INTO `department` VALUES ('1','客服组','0'), ('2','驻税主管','0'), ('3','金税组','0'), ('4','金盾组','0'), ('5','经理组','0');
INSERT INTO `employee` VALUES ('1','5200401','徐霞','1','0','5','0'), ('2','5200740','郭秋景','1','0','5','0'), ('3','5200014','杨泽宏','2','0','5','0'), ('4','5200049','杨光寿','2','0','5','0'), ('5','5200002','龙腾飞','3','0','5','0'), ('6','5200021','韦泽均','3','0','5','0'), ('7','5200262','林全','4','0','5','0'), ('8','5200461','肖邦兵','4','0','5','0'), ('9','5200086','周利辉','1','1','5','0'), ('10','5200018','顾劲勇','2','1','5','0'), ('11','5200315','陈泊','3','1','5','0'), ('12','5200422','黎世萍','4','1','5','0'), ('13','00001','测试员工','1','0','5','0'), ('14','asdf','asdf','1','0','5','0');
INSERT INTO `operator` VALUES ('1','admin','21232F297A57A5A743894A0E4A801FC3','1','0'), ('2','aaa','47BCE5C74F589F4867DBD57E9CA9F808','2','0');
INSERT INTO `role` VALUES ('1','管理员','0'), ('2','经理','0'), ('3','部门主管','0');
INSERT INTO `role_author` VALUES ('1','1','1','1'), ('2','1','2','1'), ('3','1','3','1'), ('4','1','4','1'), ('5','1','5','1'), ('6','1','6','1'), ('7','1','7','1'), ('8','1','8','1'), ('9','1','9','1'), ('10','1','10','1'), ('11','1','11','1'), ('12','1','12','1'), ('13','1','13','1'), ('14','1','14','1'), ('15','1','15','1'), ('16','1','16','1'), ('17','1','17','1'), ('18','1','18','1'), ('19','1','19','1'), ('20','1','20','1'), ('21','1','21','1'), ('22','1','22','1'), ('23','1','23','1'), ('24','1','24','1'), ('25','1','25','1'), ('26','1','26','1'), ('27','1','27','1'), ('28','1','28','1'), ('29','1','29','1'), ('30','1','30','1'), ('31','1','31','1'), ('32','1','32','1'), ('33','1','33','1'), ('34','1','34','1'), ('35','1','35','1'), ('36','1','36','1'), ('37','1','37','1'), ('38','1','38','1'), ('39','1','39','1'), ('40','1','40','1'), ('41','1','41','1'), ('42','1','42','1'), ('43','1','43','1'), ('44','1','44','1'), ('45','1','45','1'), ('46','2','1','0'), ('47','2','2','1'), ('48','2','3','1'), ('49','2','4','1'), ('50','2','5','1'), ('51','2','6','1'), ('52','2','7','0'), ('53','2','8','0'), ('54','2','9','0'), ('55','2','10','0'), ('56','2','11','0'), ('57','2','12','1'), ('58','2','13','1'), ('59','2','14','1'), ('60','2','15','1'), ('61','2','16','1'), ('62','2','17','0'), ('63','2','18','0'), ('64','2','19','0'), ('65','2','20','0'), ('66','2','21','0'), ('67','2','22','0'), ('68','2','23','0'), ('69','2','24','0'), ('70','2','25','0'), ('71','2','26','0'), ('72','2','27','0'), ('73','2','28','0'), ('74','2','29','0'), ('75','2','30','0'), ('76','2','31','0'), ('77','2','32','0'), ('78','2','33','0'), ('79','2','34','0'), ('80','2','35','0'), ('81','2','36','0'), ('82','2','37','0'), ('83','2','38','0'), ('84','2','39','0'), ('85','2','40','0'), ('86','2','41','0'), ('87','2','42','0'), ('88','2','43','0'), ('89','2','44','0'), ('90','2','45','0'), ('91','3','1','0'), ('92','3','2','1'), ('93','3','3','1'), ('94','3','4','1'), ('95','3','5','1'), ('96','3','6','1'), ('97','3','7','0'), ('98','3','8','0'), ('99','3','9','0'), ('100','3','10','0');
INSERT INTO `role_author` VALUES ('101','3','11','0'), ('102','3','12','0'), ('103','3','13','0'), ('104','3','14','0'), ('105','3','15','0'), ('106','3','16','0'), ('107','3','17','0'), ('108','3','18','0'), ('109','3','19','0'), ('110','3','20','0'), ('111','3','21','0'), ('112','3','22','0'), ('113','3','23','0'), ('114','3','24','0'), ('115','3','25','0'), ('116','3','26','0'), ('117','3','27','0'), ('118','3','28','0'), ('119','3','29','0'), ('120','3','30','0'), ('121','3','31','0'), ('122','3','32','0'), ('123','3','33','0'), ('124','3','34','0'), ('125','3','35','0'), ('126','3','36','0'), ('127','3','37','0'), ('128','3','38','0'), ('129','3','39','0'), ('130','3','40','0'), ('131','3','41','0'), ('132','3','42','0'), ('133','3','43','0'), ('134','3','44','0'), ('135','3','45','0'), ('136','1','46','1'), ('137','2','46','1'), ('138','3','46','0'), ('139','1','47','1'), ('140','2','47','1'), ('141','3','47','0'), ('142','1','48','1'), ('143','2','48','1'), ('144','3','48','0');
INSERT INTO `salary_detail` VALUES ('1','1','1','1','50000.0'), ('2','1','2','1','50000.0'), ('3','1','3','1','1111.0'), ('4','1','4','1','1111.0'), ('5','1','5','1','50000.0'), ('6','1','6','1','50000.0'), ('7','1','7','1','50000.0'), ('8','1','8','1','50000.0'), ('9','1','9','1','50000.0'), ('10','1','10','1','1111.0'), ('11','1','11','1','50000.0'), ('12','1','12','1','50000.0'), ('13','1','1','2','33.0'), ('14','1','2','2','2.0'), ('15','1','3','2','3.0'), ('16','1','4','2','4.0'), ('17','1','5','2','5.0'), ('18','1','6','2','6.0'), ('19','1','7','2','3.0'), ('20','1','8','2','8.0'), ('21','1','9','2','9.0'), ('22','1','10','2','10.0'), ('23','1','11','2','11.0'), ('24','1','12','2','12.0'), ('25','1','1','3','21559.6'), ('26','1','2','3','21559.6'), ('27','1','3','3','7798.2'), ('28','1','4','3','7798.2'), ('29','1','5','3','10091.7'), ('30','1','6','3','10091.7'), ('31','1','7','3','10550.5'), ('32','1','8','3','10550.5'), ('33','1','9','3','21559.6'), ('34','1','10','3','7798.2'), ('35','1','11','3','10091.7'), ('36','1','12','3','10550.5'), ('37','1','1','4','93.0'), ('38','1','2','4','99.0'), ('39','1','3','4','15.0'), ('40','1','4','4','79.0'), ('41','1','5','4','48.0'), ('42','1','6','4','5.0'), ('43','1','7','4','81.0'), ('44','1','8','4','89.0'), ('45','1','9','4','2.0'), ('46','1','10','4','44.0'), ('47','1','11','4','15.0'), ('48','1','12','4','41.0'), ('49','1','1','5','1946.6'), ('50','1','2','5','2072.2'), ('51','1','3','5','169.5'), ('52','1','4','5','892.8'), ('53','1','5','5','1424.7'), ('54','1','6','5','148.4'), ('55','1','7','5','810.0'), ('56','1','8','5','890.0'), ('57','1','9','5','41.9'), ('58','1','10','5','497.3'), ('59','1','11','5','445.2'), ('60','1','12','5','410.0'), ('61','1','1','6','6207.0'), ('62','1','2','6','9650.0'), ('63','1','3','6','9631.0'), ('64','1','4','6','9203.0'), ('65','1','5','6','7121.0'), ('66','1','6','6','7996.0'), ('67','1','7','6','8617.0'), ('68','1','8','6','5000.0'), ('69','1','9','6','9643.0'), ('70','1','10','6','920.0'), ('71','1','11','6','5668.0'), ('72','1','12','6','5582.0'), ('73','1','1','7','3017.3'), ('74','1','2','7','4690.9'), ('75','1','3','7','2281.2'), ('76','1','4','7','2179.8'), ('77','1','5','7','2074.5'), ('78','1','6','7','2329.4'), ('79','1','7','7','2841.2'), ('80','1','8','7','1648.6'), ('81','1','9','7','4687.5'), ('82','1','10','7','217.9'), ('83','1','11','7','1651.2'), ('84','1','12','7','1840.5'), ('85','1','1','8','783.0'), ('86','1','2','8','1649.0'), ('87','1','3','8','5895.0'), ('88','1','4','8','4528.0'), ('89','1','5','8','4956.0'), ('90','1','6','8','1196.0'), ('91','1','7','8','1112.0'), ('92','1','8','8','1971.0'), ('93','1','9','8','6518.0'), ('94','1','10','8','6677.0'), ('95','1','11','8','3831.0'), ('96','1','12','8','9126.0'), ('97','1','1','9','302.2'), ('98','1','2','9','636.4'), ('99','1','3','9','537.7'), ('100','1','4','9','413.0');
INSERT INTO `salary_detail` VALUES ('101','1','5','9','1002.0'), ('102','1','6','9','241.8'), ('103','1','7','9','192.2'), ('104','1','8','9','340.7'), ('105','1','9','9','2515.7'), ('106','1','10','9','609.0'), ('107','1','11','9','774.5'), ('108','1','12','9','1577.3'), ('109','1','1','10','5266.1'), ('110','1','2','10','7399.5'), ('111','1','3','10','2988.4'), ('112','1','4','10','3485.6'), ('113','1','5','10','4501.2'), ('114','1','6','10','2719.6'), ('115','1','7','10','3843.4'), ('116','1','8','10','2879.3'), ('117','1','9','10','7245.1'), ('118','1','10','10','1324.2'), ('119','1','11','10','2870.9'), ('120','1','12','10','3827.8'), ('121','1','1','11','0.0'), ('122','1','2','11','0.0'), ('123','1','3','11','0.0'), ('124','1','4','11','0.0'), ('125','1','5','11','0.0'), ('126','1','6','11','0.0'), ('127','1','7','11','0.0'), ('128','1','8','11','0.0'), ('129','1','9','11','0.0'), ('130','1','10','11','0.0'), ('131','1','11','11','0.0'), ('132','1','12','11','0.0'), ('133','1','1','12','0.0'), ('134','1','2','12','0.0'), ('135','1','3','12','0.0'), ('136','1','4','12','0.0'), ('137','1','5','12','0.0'), ('138','1','6','12','0.0'), ('139','1','7','12','0.0'), ('140','1','8','12','0.0'), ('141','1','9','12','0.0'), ('142','1','10','12','0.0'), ('143','1','11','12','0.0'), ('144','1','12','12','0.0'), ('145','1','1','13','0.0'), ('146','1','2','13','0.0'), ('147','1','3','13','0.0'), ('148','1','4','13','0.0'), ('149','1','5','13','0.0'), ('150','1','6','13','0.0'), ('151','1','7','13','0.0'), ('152','1','8','13','0.0'), ('153','1','9','13','0.0'), ('154','1','10','13','0.0'), ('155','1','11','13','0.0'), ('156','1','12','13','0.0'), ('157','2','1','1','100000.0'), ('158','2','2','1','100000.0'), ('159','2','3','1','100000.0'), ('160','2','4','1','100000.0'), ('161','2','5','1','100000.0'), ('162','2','6','1','100000.0'), ('163','2','7','1','100000.0'), ('164','2','8','1','100000.0'), ('165','2','9','1','100000.0'), ('166','2','10','1','100000.0'), ('167','2','11','1','100000.0'), ('168','2','12','1','100000.0'), ('169','2','1','2','2.0'), ('170','2','2','2','4.0'), ('171','2','3','2','12.0'), ('172','2','4','2','11.0'), ('173','2','5','2','10.0'), ('174','2','6','2','9.0'), ('175','2','7','2','5.0'), ('176','2','8','2','6.0'), ('177','2','9','2','1.0'), ('178','2','10','2','13.0'), ('179','2','11','2','8.0'), ('180','2','12','2','7.0'), ('181','2','1','3','10989.0'), ('182','2','2','3','10989.0'), ('183','2','3','3','39560.4'), ('184','2','4','3','39560.4'), ('185','2','5','3','29670.3'), ('186','2','6','3','29670.3'), ('187','2','7','3','19780.2'), ('188','2','8','3','19780.2'), ('189','2','9','3','10989.0'), ('190','2','10','3','39560.4'), ('191','2','11','3','29670.3'), ('192','2','12','3','19780.2'), ('193','2','1','4','0.0'), ('194','2','2','4','0.0'), ('195','2','3','4','0.0'), ('196','2','4','4','0.0'), ('197','2','5','4','0.0'), ('198','2','6','4','0.0'), ('199','2','7','4','0.0'), ('200','2','8','4','0.0');
INSERT INTO `salary_detail` VALUES ('201','2','9','4','0.0'), ('202','2','10','4','0.0'), ('203','2','11','4','0.0'), ('204','2','12','4','0.0'), ('205','2','1','5','0.0'), ('206','2','2','5','0.0'), ('207','2','3','5','0.0'), ('208','2','4','5','0.0'), ('209','2','5','5','0.0'), ('210','2','6','5','0.0'), ('211','2','7','5','0.0'), ('212','2','8','5','0.0'), ('213','2','9','5','0.0'), ('214','2','10','5','0.0'), ('215','2','11','5','0.0'), ('216','2','12','5','0.0'), ('217','2','1','6','0.0'), ('218','2','2','6','0.0'), ('219','2','3','6','0.0'), ('220','2','4','6','0.0'), ('221','2','5','6','0.0'), ('222','2','6','6','0.0'), ('223','2','7','6','0.0'), ('224','2','8','6','0.0'), ('225','2','9','6','0.0'), ('226','2','10','6','0.0'), ('227','2','11','6','0.0'), ('228','2','12','6','0.0'), ('229','2','1','7','0.0'), ('230','2','2','7','0.0'), ('231','2','3','7','0.0'), ('232','2','4','7','0.0'), ('233','2','5','7','0.0'), ('234','2','6','7','0.0'), ('235','2','7','7','0.0'), ('236','2','8','7','0.0'), ('237','2','9','7','0.0'), ('238','2','10','7','0.0'), ('239','2','11','7','0.0'), ('240','2','12','7','0.0'), ('241','2','1','8','0.0'), ('242','2','2','8','0.0'), ('243','2','3','8','0.0'), ('244','2','4','8','0.0'), ('245','2','5','8','0.0'), ('246','2','6','8','0.0'), ('247','2','7','8','0.0'), ('248','2','8','8','0.0'), ('249','2','9','8','0.0'), ('250','2','10','8','0.0'), ('251','2','11','8','0.0'), ('252','2','12','8','0.0'), ('253','2','1','9','0.0'), ('254','2','2','9','0.0'), ('255','2','3','9','0.0'), ('256','2','4','9','0.0'), ('257','2','5','9','0.0'), ('258','2','6','9','0.0'), ('259','2','7','9','0.0'), ('260','2','8','9','0.0'), ('261','2','9','9','0.0'), ('262','2','10','9','0.0'), ('263','2','11','9','0.0'), ('264','2','12','9','0.0'), ('265','2','1','10','0.0'), ('266','2','2','10','0.0'), ('267','2','3','10','0.0'), ('268','2','4','10','0.0'), ('269','2','5','10','0.0'), ('270','2','6','10','0.0'), ('271','2','7','10','0.0'), ('272','2','8','10','0.0'), ('273','2','9','10','0.0'), ('274','2','10','10','0.0'), ('275','2','11','10','0.0'), ('276','2','12','10','0.0'), ('277','2','1','11','0.0'), ('278','2','2','11','0.0'), ('279','2','3','11','0.0'), ('280','2','4','11','0.0'), ('281','2','5','11','0.0'), ('282','2','6','11','0.0'), ('283','2','7','11','0.0'), ('284','2','8','11','0.0'), ('285','2','9','11','0.0'), ('286','2','10','11','0.0'), ('287','2','11','11','0.0'), ('288','2','12','11','0.0'), ('289','2','1','12','0.0'), ('290','2','2','12','0.0'), ('291','2','3','12','0.0'), ('292','2','4','12','0.0'), ('293','2','5','12','0.0'), ('294','2','6','12','0.0'), ('295','2','7','12','0.0'), ('296','2','8','12','0.0'), ('297','2','9','12','0.0'), ('298','2','10','12','0.0'), ('299','2','11','12','0.0'), ('300','2','12','12','0.0');
INSERT INTO `salary_detail` VALUES ('301','2','1','13','0.0'), ('302','2','2','13','0.0'), ('303','2','3','13','0.0'), ('304','2','4','13','0.0'), ('305','2','5','13','0.0'), ('306','2','6','13','0.0'), ('307','2','7','13','0.0'), ('308','2','8','13','0.0'), ('309','2','9','13','0.0'), ('310','2','10','13','0.0'), ('311','2','11','13','0.0'), ('312','2','12','13','0.0'), ('313','2','1','17','0.0'), ('314','2','2','17','0.0'), ('315','2','3','17','0.0'), ('316','2','4','17','0.0'), ('317','2','5','17','0.0'), ('318','2','6','17','0.0'), ('319','2','7','17','0.0'), ('320','2','8','17','0.0'), ('321','2','9','17','0.0'), ('322','2','10','17','0.0'), ('323','2','11','17','0.0'), ('324','2','12','17','0.0'), ('412','1','1','17','0.0'), ('413','1','2','17','0.0'), ('414','1','3','17','0.0'), ('415','1','4','17','0.0'), ('416','1','5','17','0.0'), ('417','1','6','17','0.0'), ('418','1','7','17','0.0'), ('419','1','8','17','0.0'), ('420','1','9','17','0.0'), ('421','1','10','17','0.0'), ('422','1','11','17','0.0'), ('423','1','12','17','0.0'), ('427','3','1','1','0.0'), ('428','3','2','1','0.0'), ('429','3','3','1','0.0'), ('430','3','4','1','0.0'), ('431','3','5','1','0.0'), ('432','3','6','1','0.0'), ('433','3','7','1','0.0'), ('434','3','8','1','0.0'), ('435','3','9','1','0.0'), ('436','3','10','1','0.0'), ('437','3','11','1','0.0'), ('438','3','12','1','0.0'), ('439','3','1','2','0.0'), ('440','3','2','2','0.0'), ('441','3','3','2','0.0'), ('442','3','4','2','0.0'), ('443','3','5','2','0.0'), ('444','3','6','2','0.0'), ('445','3','7','2','0.0'), ('446','3','8','2','0.0'), ('447','3','9','2','0.0'), ('448','3','10','2','0.0'), ('449','3','11','2','0.0'), ('450','3','12','2','0.0'), ('451','3','1','3','0.0'), ('452','3','2','3','0.0'), ('453','3','3','3','0.0'), ('454','3','4','3','0.0'), ('455','3','5','3','0.0'), ('456','3','6','3','0.0'), ('457','3','7','3','0.0'), ('458','3','8','3','0.0'), ('459','3','9','3','0.0'), ('460','3','10','3','0.0'), ('461','3','11','3','0.0'), ('462','3','12','3','0.0'), ('463','3','1','4','0.0'), ('464','3','2','4','0.0'), ('465','3','3','4','0.0'), ('466','3','4','4','0.0'), ('467','3','5','4','0.0'), ('468','3','6','4','0.0'), ('469','3','7','4','0.0'), ('470','3','8','4','0.0'), ('471','3','9','4','0.0'), ('472','3','10','4','0.0'), ('473','3','11','4','0.0'), ('474','3','12','4','0.0'), ('475','3','1','5','0.0'), ('476','3','2','5','0.0'), ('477','3','3','5','0.0'), ('478','3','4','5','0.0'), ('479','3','5','5','0.0'), ('480','3','6','5','0.0'), ('481','3','7','5','0.0'), ('482','3','8','5','0.0'), ('483','3','9','5','0.0'), ('484','3','10','5','0.0'), ('485','3','11','5','0.0'), ('486','3','12','5','0.0'), ('487','3','1','6','0.0'), ('488','3','2','6','0.0'), ('489','3','3','6','0.0'), ('490','3','4','6','0.0');
INSERT INTO `salary_detail` VALUES ('491','3','5','6','0.0'), ('492','3','6','6','0.0'), ('493','3','7','6','0.0'), ('494','3','8','6','0.0'), ('495','3','9','6','0.0'), ('496','3','10','6','0.0'), ('497','3','11','6','0.0'), ('498','3','12','6','0.0'), ('499','3','1','7','0.0'), ('500','3','2','7','0.0'), ('501','3','3','7','0.0'), ('502','3','4','7','0.0'), ('503','3','5','7','0.0'), ('504','3','6','7','0.0'), ('505','3','7','7','0.0'), ('506','3','8','7','0.0'), ('507','3','9','7','0.0'), ('508','3','10','7','0.0'), ('509','3','11','7','0.0'), ('510','3','12','7','0.0'), ('511','3','1','8','0.0'), ('512','3','2','8','0.0'), ('513','3','3','8','0.0'), ('514','3','4','8','0.0'), ('515','3','5','8','0.0'), ('516','3','6','8','0.0'), ('517','3','7','8','0.0'), ('518','3','8','8','0.0'), ('519','3','9','8','0.0'), ('520','3','10','8','0.0'), ('521','3','11','8','0.0'), ('522','3','12','8','0.0'), ('523','3','1','9','0.0'), ('524','3','2','9','0.0'), ('525','3','3','9','0.0'), ('526','3','4','9','0.0'), ('527','3','5','9','0.0'), ('528','3','6','9','0.0'), ('529','3','7','9','0.0'), ('530','3','8','9','0.0'), ('531','3','9','9','0.0'), ('532','3','10','9','0.0'), ('533','3','11','9','0.0'), ('534','3','12','9','0.0'), ('535','3','1','10','0.0'), ('536','3','2','10','0.0'), ('537','3','3','10','0.0'), ('538','3','4','10','0.0'), ('539','3','5','10','0.0'), ('540','3','6','10','0.0'), ('541','3','7','10','0.0'), ('542','3','8','10','0.0'), ('543','3','9','10','0.0'), ('544','3','10','10','0.0'), ('545','3','11','10','0.0'), ('546','3','12','10','0.0'), ('547','3','1','11','0.0'), ('548','3','2','11','0.0'), ('549','3','3','11','0.0'), ('550','3','4','11','0.0'), ('551','3','5','11','0.0'), ('552','3','6','11','0.0'), ('553','3','7','11','0.0'), ('554','3','8','11','0.0'), ('555','3','9','11','0.0'), ('556','3','10','11','0.0'), ('557','3','11','11','0.0'), ('558','3','12','11','0.0'), ('559','3','1','12','0.0'), ('560','3','2','12','0.0'), ('561','3','3','12','0.0'), ('562','3','4','12','0.0'), ('563','3','5','12','0.0'), ('564','3','6','12','0.0'), ('565','3','7','12','0.0'), ('566','3','8','12','0.0'), ('567','3','9','12','0.0'), ('568','3','10','12','0.0'), ('569','3','11','12','0.0'), ('570','3','12','12','0.0'), ('571','3','1','13','0.0'), ('572','3','2','13','0.0'), ('573','3','3','13','0.0'), ('574','3','4','13','0.0'), ('575','3','5','13','0.0'), ('576','3','6','13','0.0'), ('577','3','7','13','0.0'), ('578','3','8','13','0.0'), ('579','3','9','13','0.0'), ('580','3','10','13','0.0'), ('581','3','11','13','0.0'), ('582','3','12','13','0.0'), ('583','3','1','17','0.0'), ('584','3','2','17','0.0'), ('585','3','3','17','0.0'), ('586','3','4','17','0.0'), ('587','3','5','17','0.0'), ('588','3','6','17','0.0'), ('589','3','7','17','0.0'), ('590','3','8','17','0.0');
INSERT INTO `salary_detail` VALUES ('591','3','9','17','0.0'), ('592','3','10','17','0.0'), ('593','3','11','17','0.0'), ('594','3','12','17','0.0'), ('682','1','1','14','0.0'), ('683','1','2','14','0.0'), ('684','1','3','14','0.0'), ('685','1','4','14','0.0'), ('686','1','5','14','0.0'), ('687','1','6','14','0.0'), ('688','1','7','14','0.0'), ('689','1','8','14','0.0'), ('690','1','9','14','0.0'), ('691','1','10','14','0.0'), ('692','1','11','14','0.0'), ('693','1','12','14','0.0'), ('694','1','1','15','0.0'), ('695','1','2','15','0.0'), ('696','1','3','15','0.0'), ('697','1','4','15','0.0'), ('698','1','5','15','0.0'), ('699','1','6','15','0.0'), ('700','1','7','15','0.0'), ('701','1','8','15','0.0'), ('702','1','9','15','0.0'), ('703','1','10','15','0.0'), ('704','1','11','15','0.0'), ('705','1','12','15','0.0'), ('706','1','1','16','0.0'), ('707','1','2','16','0.0'), ('708','1','3','16','0.0'), ('709','1','4','16','0.0'), ('710','1','5','16','0.0'), ('711','1','6','16','0.0'), ('712','1','7','16','0.0'), ('713','1','8','16','0.0'), ('714','1','9','16','0.0'), ('715','1','10','16','0.0'), ('716','1','11','16','0.0'), ('717','1','12','16','0.0'), ('718','1','13','1','50000.0'), ('719','1','13','2','3.0'), ('720','1','13','3','21559.6'), ('721','1','13','4','12.0'), ('722','1','13','5','251.2'), ('723','1','13','6','1111.0'), ('724','1','13','7','540.1'), ('725','1','13','8','2222.0'), ('726','1','13','9','857.6'), ('727','1','13','10','1648.9'), ('728','1','13','11','0.0'), ('729','1','13','12','0.0'), ('730','1','13','13','0.0'), ('731','1','13','14','0.0'), ('732','1','13','15','0.0'), ('733','1','13','16','0.0'), ('734','1','13','17','0.0'), ('749','2','1','14','0.0'), ('750','2','2','14','0.0'), ('751','2','3','14','0.0'), ('752','2','4','14','0.0'), ('753','2','5','14','0.0'), ('754','2','6','14','0.0'), ('755','2','7','14','0.0'), ('756','2','8','14','0.0'), ('757','2','9','14','0.0'), ('758','2','10','14','0.0'), ('759','2','11','14','0.0'), ('760','2','12','14','0.0'), ('761','2','13','14','0.0'), ('762','2','1','15','0.0'), ('763','2','2','15','0.0'), ('764','2','3','15','0.0'), ('765','2','4','15','0.0'), ('766','2','5','15','0.0'), ('767','2','6','15','0.0'), ('768','2','7','15','0.0'), ('769','2','8','15','0.0'), ('770','2','9','15','0.0'), ('771','2','10','15','0.0'), ('772','2','11','15','0.0'), ('773','2','12','15','0.0'), ('774','2','13','15','0.0'), ('775','2','1','16','0.0'), ('776','2','2','16','0.0'), ('777','2','3','16','0.0'), ('778','2','4','16','0.0'), ('779','2','5','16','0.0'), ('780','2','6','16','0.0'), ('781','2','7','16','0.0'), ('782','2','8','16','0.0'), ('783','2','9','16','0.0'), ('784','2','10','16','0.0'), ('785','2','11','16','0.0'), ('786','2','12','16','0.0'), ('787','2','13','16','0.0'), ('788','2','13','1','100000.0'), ('789','2','13','2','3.0'), ('790','2','13','3','10989.0'), ('791','2','13','4','0.0');
INSERT INTO `salary_detail` VALUES ('792','2','13','5','0.0'), ('793','2','13','6','0.0'), ('794','2','13','7','0.0'), ('795','2','13','8','0.0'), ('796','2','13','9','0.0'), ('797','2','13','10','0.0'), ('798','2','13','11','0.0'), ('799','2','13','12','0.0'), ('800','2','13','13','0.0'), ('801','2','13','17','0.0'), ('802','4','1','1','0.0'), ('803','4','2','1','0.0'), ('804','4','3','1','0.0'), ('805','4','4','1','0.0'), ('806','4','5','1','0.0'), ('807','4','6','1','0.0'), ('808','4','7','1','0.0'), ('809','4','8','1','0.0'), ('810','4','9','1','0.0'), ('811','4','10','1','0.0'), ('812','4','11','1','0.0'), ('813','4','12','1','0.0'), ('814','4','13','1','0.0'), ('815','4','1','2','0.0'), ('816','4','2','2','0.0'), ('817','4','3','2','0.0'), ('818','4','4','2','0.0'), ('819','4','5','2','0.0'), ('820','4','6','2','0.0'), ('821','4','7','2','0.0'), ('822','4','8','2','0.0'), ('823','4','9','2','0.0'), ('824','4','10','2','0.0'), ('825','4','11','2','0.0'), ('826','4','12','2','0.0'), ('827','4','13','2','0.0'), ('828','4','1','3','0.0'), ('829','4','2','3','0.0'), ('830','4','3','3','0.0'), ('831','4','4','3','0.0'), ('832','4','5','3','0.0'), ('833','4','6','3','0.0'), ('834','4','7','3','0.0'), ('835','4','8','3','0.0'), ('836','4','9','3','0.0'), ('837','4','10','3','0.0'), ('838','4','11','3','0.0'), ('839','4','12','3','0.0'), ('840','4','13','3','0.0'), ('841','4','1','4','0.0'), ('842','4','2','4','0.0'), ('843','4','3','4','0.0'), ('844','4','4','4','0.0'), ('845','4','5','4','0.0'), ('846','4','6','4','0.0'), ('847','4','7','4','0.0'), ('848','4','8','4','0.0'), ('849','4','9','4','0.0'), ('850','4','10','4','0.0'), ('851','4','11','4','0.0'), ('852','4','12','4','0.0'), ('853','4','13','4','0.0'), ('854','4','1','5','0.0'), ('855','4','2','5','0.0'), ('856','4','3','5','0.0'), ('857','4','4','5','0.0'), ('858','4','5','5','0.0'), ('859','4','6','5','0.0'), ('860','4','7','5','0.0'), ('861','4','8','5','0.0'), ('862','4','9','5','0.0'), ('863','4','10','5','0.0'), ('864','4','11','5','0.0'), ('865','4','12','5','0.0'), ('866','4','13','5','0.0'), ('867','4','1','6','0.0'), ('868','4','2','6','0.0'), ('869','4','3','6','0.0'), ('870','4','4','6','0.0'), ('871','4','5','6','0.0'), ('872','4','6','6','0.0'), ('873','4','7','6','0.0'), ('874','4','8','6','0.0'), ('875','4','9','6','0.0'), ('876','4','10','6','0.0'), ('877','4','11','6','0.0'), ('878','4','12','6','0.0'), ('879','4','13','6','0.0'), ('880','4','1','7','0.0'), ('881','4','2','7','0.0'), ('882','4','3','7','0.0'), ('883','4','4','7','0.0'), ('884','4','5','7','0.0'), ('885','4','6','7','0.0'), ('886','4','7','7','0.0'), ('887','4','8','7','0.0'), ('888','4','9','7','0.0'), ('889','4','10','7','0.0'), ('890','4','11','7','0.0'), ('891','4','12','7','0.0');
INSERT INTO `salary_detail` VALUES ('892','4','13','7','0.0'), ('893','4','1','8','0.0'), ('894','4','2','8','0.0'), ('895','4','3','8','0.0'), ('896','4','4','8','0.0'), ('897','4','5','8','0.0'), ('898','4','6','8','0.0'), ('899','4','7','8','0.0'), ('900','4','8','8','0.0'), ('901','4','9','8','0.0'), ('902','4','10','8','0.0'), ('903','4','11','8','0.0'), ('904','4','12','8','0.0'), ('905','4','13','8','0.0'), ('906','4','1','9','0.0'), ('907','4','2','9','0.0'), ('908','4','3','9','0.0'), ('909','4','4','9','0.0'), ('910','4','5','9','0.0'), ('911','4','6','9','0.0'), ('912','4','7','9','0.0'), ('913','4','8','9','0.0'), ('914','4','9','9','0.0'), ('915','4','10','9','0.0'), ('916','4','11','9','0.0'), ('917','4','12','9','0.0'), ('918','4','13','9','0.0'), ('919','4','1','10','0.0'), ('920','4','2','10','0.0'), ('921','4','3','10','0.0'), ('922','4','4','10','0.0'), ('923','4','5','10','0.0'), ('924','4','6','10','0.0'), ('925','4','7','10','0.0'), ('926','4','8','10','0.0'), ('927','4','9','10','0.0'), ('928','4','10','10','0.0'), ('929','4','11','10','0.0'), ('930','4','12','10','0.0'), ('931','4','13','10','0.0'), ('932','4','1','11','0.0'), ('933','4','2','11','0.0'), ('934','4','3','11','0.0'), ('935','4','4','11','0.0'), ('936','4','5','11','0.0'), ('937','4','6','11','0.0'), ('938','4','7','11','0.0'), ('939','4','8','11','0.0'), ('940','4','9','11','0.0'), ('941','4','10','11','0.0'), ('942','4','11','11','0.0'), ('943','4','12','11','0.0'), ('944','4','13','11','0.0'), ('945','4','1','12','0.0'), ('946','4','2','12','0.0'), ('947','4','3','12','0.0'), ('948','4','4','12','0.0'), ('949','4','5','12','0.0'), ('950','4','6','12','0.0'), ('951','4','7','12','0.0'), ('952','4','8','12','0.0'), ('953','4','9','12','0.0'), ('954','4','10','12','0.0'), ('955','4','11','12','0.0'), ('956','4','12','12','0.0'), ('957','4','13','12','0.0'), ('958','4','1','13','0.0'), ('959','4','2','13','0.0'), ('960','4','3','13','0.0'), ('961','4','4','13','0.0'), ('962','4','5','13','0.0'), ('963','4','6','13','0.0'), ('964','4','7','13','0.0'), ('965','4','8','13','0.0'), ('966','4','9','13','0.0'), ('967','4','10','13','0.0'), ('968','4','11','13','0.0'), ('969','4','12','13','0.0'), ('970','4','13','13','0.0'), ('971','4','1','14','0.0'), ('972','4','2','14','0.0'), ('973','4','3','14','0.0'), ('974','4','4','14','0.0'), ('975','4','5','14','0.0'), ('976','4','6','14','0.0'), ('977','4','7','14','0.0'), ('978','4','8','14','0.0'), ('979','4','9','14','0.0'), ('980','4','10','14','0.0'), ('981','4','11','14','0.0'), ('982','4','12','14','0.0'), ('983','4','13','14','0.0'), ('984','4','1','15','0.0'), ('985','4','2','15','0.0'), ('986','4','3','15','0.0'), ('987','4','4','15','0.0'), ('988','4','5','15','0.0'), ('989','4','6','15','0.0'), ('990','4','7','15','0.0'), ('991','4','8','15','0.0');
INSERT INTO `salary_detail` VALUES ('992','4','9','15','0.0'), ('993','4','10','15','0.0'), ('994','4','11','15','0.0'), ('995','4','12','15','0.0'), ('996','4','13','15','0.0'), ('997','4','1','16','0.0'), ('998','4','2','16','0.0'), ('999','4','3','16','0.0'), ('1000','4','4','16','0.0'), ('1001','4','5','16','0.0'), ('1002','4','6','16','0.0'), ('1003','4','7','16','0.0'), ('1004','4','8','16','0.0'), ('1005','4','9','16','0.0'), ('1006','4','10','16','0.0'), ('1007','4','11','16','0.0'), ('1008','4','12','16','0.0'), ('1009','4','13','16','0.0'), ('1010','4','1','17','0.0'), ('1011','4','2','17','0.0'), ('1012','4','3','17','0.0'), ('1013','4','4','17','0.0'), ('1014','4','5','17','0.0'), ('1015','4','6','17','0.0'), ('1016','4','7','17','0.0'), ('1017','4','8','17','0.0'), ('1018','4','9','17','0.0'), ('1019','4','10','17','0.0'), ('1020','4','11','17','0.0'), ('1021','4','12','17','0.0'), ('1022','4','13','17','0.0'), ('1057','6','1','1','0.0'), ('1058','6','2','1','0.0'), ('1059','6','3','1','0.0'), ('1060','6','4','1','0.0'), ('1061','6','5','1','0.0'), ('1062','6','6','1','0.0'), ('1063','6','7','1','0.0'), ('1064','6','8','1','0.0'), ('1065','6','9','1','0.0'), ('1066','6','10','1','0.0'), ('1067','6','11','1','0.0'), ('1068','6','12','1','0.0'), ('1069','6','13','1','0.0'), ('1070','6','1','2','0.0'), ('1071','6','2','2','0.0'), ('1072','6','3','2','0.0'), ('1073','6','4','2','0.0'), ('1074','6','5','2','0.0'), ('1075','6','6','2','0.0'), ('1076','6','7','2','0.0'), ('1077','6','8','2','0.0'), ('1078','6','9','2','0.0'), ('1079','6','10','2','0.0'), ('1080','6','11','2','0.0'), ('1081','6','12','2','0.0'), ('1082','6','13','2','0.0'), ('1083','6','1','3','0.0'), ('1084','6','2','3','0.0'), ('1085','6','3','3','0.0'), ('1086','6','4','3','0.0'), ('1087','6','5','3','0.0'), ('1088','6','6','3','0.0'), ('1089','6','7','3','0.0'), ('1090','6','8','3','0.0'), ('1091','6','9','3','0.0'), ('1092','6','10','3','0.0'), ('1093','6','11','3','0.0'), ('1094','6','12','3','0.0'), ('1095','6','13','3','0.0'), ('1096','6','1','4','0.0'), ('1097','6','2','4','0.0'), ('1098','6','3','4','0.0'), ('1099','6','4','4','0.0'), ('1100','6','5','4','0.0'), ('1101','6','6','4','0.0'), ('1102','6','7','4','0.0'), ('1103','6','8','4','0.0'), ('1104','6','9','4','0.0'), ('1105','6','10','4','0.0'), ('1106','6','11','4','0.0'), ('1107','6','12','4','0.0'), ('1108','6','13','4','0.0'), ('1109','6','1','5','0.0'), ('1110','6','2','5','0.0'), ('1111','6','3','5','0.0'), ('1112','6','4','5','0.0'), ('1113','6','5','5','0.0'), ('1114','6','6','5','0.0'), ('1115','6','7','5','0.0'), ('1116','6','8','5','0.0'), ('1117','6','9','5','0.0'), ('1118','6','10','5','0.0'), ('1119','6','11','5','0.0'), ('1120','6','12','5','0.0'), ('1121','6','13','5','0.0'), ('1122','6','1','6','0.0'), ('1123','6','2','6','0.0'), ('1124','6','3','6','0.0'), ('1125','6','4','6','0.0');
INSERT INTO `salary_detail` VALUES ('1126','6','5','6','0.0'), ('1127','6','6','6','0.0'), ('1128','6','7','6','0.0'), ('1129','6','8','6','0.0'), ('1130','6','9','6','0.0'), ('1131','6','10','6','0.0'), ('1132','6','11','6','0.0'), ('1133','6','12','6','0.0'), ('1134','6','13','6','0.0'), ('1135','6','1','7','0.0'), ('1136','6','2','7','0.0'), ('1137','6','3','7','0.0'), ('1138','6','4','7','0.0'), ('1139','6','5','7','0.0'), ('1140','6','6','7','0.0'), ('1141','6','7','7','0.0'), ('1142','6','8','7','0.0'), ('1143','6','9','7','0.0'), ('1144','6','10','7','0.0'), ('1145','6','11','7','0.0'), ('1146','6','12','7','0.0'), ('1147','6','13','7','0.0'), ('1148','6','1','8','0.0'), ('1149','6','2','8','0.0'), ('1150','6','3','8','0.0'), ('1151','6','4','8','0.0'), ('1152','6','5','8','0.0'), ('1153','6','6','8','0.0'), ('1154','6','7','8','0.0'), ('1155','6','8','8','0.0'), ('1156','6','9','8','0.0'), ('1157','6','10','8','0.0'), ('1158','6','11','8','0.0'), ('1159','6','12','8','0.0'), ('1160','6','13','8','0.0'), ('1161','6','1','9','0.0'), ('1162','6','2','9','0.0'), ('1163','6','3','9','0.0'), ('1164','6','4','9','0.0'), ('1165','6','5','9','0.0'), ('1166','6','6','9','0.0'), ('1167','6','7','9','0.0'), ('1168','6','8','9','0.0'), ('1169','6','9','9','0.0'), ('1170','6','10','9','0.0'), ('1171','6','11','9','0.0'), ('1172','6','12','9','0.0'), ('1173','6','13','9','0.0'), ('1174','6','1','10','0.0'), ('1175','6','2','10','0.0'), ('1176','6','3','10','0.0'), ('1177','6','4','10','0.0'), ('1178','6','5','10','0.0'), ('1179','6','6','10','0.0'), ('1180','6','7','10','0.0'), ('1181','6','8','10','0.0'), ('1182','6','9','10','0.0'), ('1183','6','10','10','0.0'), ('1184','6','11','10','0.0'), ('1185','6','12','10','0.0'), ('1186','6','13','10','0.0'), ('1187','6','1','11','0.0'), ('1188','6','2','11','0.0'), ('1189','6','3','11','0.0'), ('1190','6','4','11','0.0'), ('1191','6','5','11','0.0'), ('1192','6','6','11','0.0'), ('1193','6','7','11','0.0'), ('1194','6','8','11','0.0'), ('1195','6','9','11','0.0'), ('1196','6','10','11','0.0'), ('1197','6','11','11','0.0'), ('1198','6','12','11','0.0'), ('1199','6','13','11','0.0'), ('1200','6','1','12','0.0'), ('1201','6','2','12','0.0'), ('1202','6','3','12','0.0'), ('1203','6','4','12','0.0'), ('1204','6','5','12','0.0'), ('1205','6','6','12','0.0'), ('1206','6','7','12','0.0'), ('1207','6','8','12','0.0'), ('1208','6','9','12','0.0'), ('1209','6','10','12','0.0'), ('1210','6','11','12','0.0'), ('1211','6','12','12','0.0'), ('1212','6','13','12','0.0'), ('1213','6','1','13','0.0'), ('1214','6','2','13','0.0'), ('1215','6','3','13','0.0'), ('1216','6','4','13','0.0'), ('1217','6','5','13','0.0'), ('1218','6','6','13','0.0'), ('1219','6','7','13','0.0'), ('1220','6','8','13','0.0'), ('1221','6','9','13','0.0'), ('1222','6','10','13','0.0'), ('1223','6','11','13','0.0'), ('1224','6','12','13','0.0'), ('1225','6','13','13','0.0');
INSERT INTO `salary_detail` VALUES ('1226','6','1','14','0.0'), ('1227','6','2','14','0.0'), ('1228','6','3','14','0.0'), ('1229','6','4','14','0.0'), ('1230','6','5','14','0.0'), ('1231','6','6','14','0.0'), ('1232','6','7','14','0.0'), ('1233','6','8','14','0.0'), ('1234','6','9','14','0.0'), ('1235','6','10','14','0.0'), ('1236','6','11','14','0.0'), ('1237','6','12','14','0.0'), ('1238','6','13','14','0.0'), ('1239','6','1','15','0.0'), ('1240','6','2','15','0.0'), ('1241','6','3','15','0.0'), ('1242','6','4','15','0.0'), ('1243','6','5','15','0.0'), ('1244','6','6','15','0.0'), ('1245','6','7','15','0.0'), ('1246','6','8','15','0.0'), ('1247','6','9','15','0.0'), ('1248','6','10','15','0.0'), ('1249','6','11','15','0.0'), ('1250','6','12','15','0.0'), ('1251','6','13','15','0.0'), ('1252','6','1','16','0.0'), ('1253','6','2','16','0.0'), ('1254','6','3','16','0.0'), ('1255','6','4','16','0.0'), ('1256','6','5','16','0.0'), ('1257','6','6','16','0.0'), ('1258','6','7','16','0.0'), ('1259','6','8','16','0.0'), ('1260','6','9','16','0.0'), ('1261','6','10','16','0.0'), ('1262','6','11','16','0.0'), ('1263','6','12','16','0.0'), ('1264','6','13','16','0.0'), ('1265','6','1','17','0.0'), ('1266','6','2','17','0.0'), ('1267','6','3','17','0.0'), ('1268','6','4','17','0.0'), ('1269','6','5','17','0.0'), ('1270','6','6','17','0.0'), ('1271','6','7','17','0.0'), ('1272','6','8','17','0.0'), ('1273','6','9','17','0.0'), ('1274','6','10','17','0.0'), ('1275','6','11','17','0.0'), ('1276','6','12','17','0.0'), ('1277','6','13','17','0.0'), ('1312','5','1','1','0.0'), ('1313','5','2','1','0.0'), ('1314','5','3','1','0.0'), ('1315','5','4','1','0.0'), ('1316','5','5','1','0.0'), ('1317','5','6','1','0.0'), ('1318','5','7','1','0.0'), ('1319','5','8','1','0.0'), ('1320','5','9','1','0.0'), ('1321','5','10','1','0.0'), ('1322','5','11','1','0.0'), ('1323','5','12','1','0.0'), ('1324','5','13','1','0.0'), ('1325','5','1','2','0.0'), ('1326','5','2','2','0.0'), ('1327','5','3','2','0.0'), ('1328','5','4','2','0.0'), ('1329','5','5','2','0.0'), ('1330','5','6','2','0.0'), ('1331','5','7','2','0.0'), ('1332','5','8','2','0.0'), ('1333','5','9','2','0.0'), ('1334','5','10','2','0.0'), ('1335','5','11','2','0.0'), ('1336','5','12','2','0.0'), ('1337','5','13','2','0.0'), ('1338','5','1','3','0.0'), ('1339','5','2','3','0.0'), ('1340','5','3','3','0.0'), ('1341','5','4','3','0.0'), ('1342','5','5','3','0.0'), ('1343','5','6','3','0.0'), ('1344','5','7','3','0.0'), ('1345','5','8','3','0.0'), ('1346','5','9','3','0.0'), ('1347','5','10','3','0.0'), ('1348','5','11','3','0.0'), ('1349','5','12','3','0.0'), ('1350','5','13','3','0.0'), ('1351','5','1','4','0.0'), ('1352','5','2','4','0.0'), ('1353','5','3','4','0.0'), ('1354','5','4','4','0.0'), ('1355','5','5','4','0.0'), ('1356','5','6','4','0.0'), ('1357','5','7','4','0.0'), ('1358','5','8','4','0.0'), ('1359','5','9','4','0.0');
INSERT INTO `salary_detail` VALUES ('1360','5','10','4','0.0'), ('1361','5','11','4','0.0'), ('1362','5','12','4','0.0'), ('1363','5','13','4','0.0'), ('1364','5','1','5','0.0'), ('1365','5','2','5','0.0'), ('1366','5','3','5','0.0'), ('1367','5','4','5','0.0'), ('1368','5','5','5','0.0'), ('1369','5','6','5','0.0'), ('1370','5','7','5','0.0'), ('1371','5','8','5','0.0'), ('1372','5','9','5','0.0'), ('1373','5','10','5','0.0'), ('1374','5','11','5','0.0'), ('1375','5','12','5','0.0'), ('1376','5','13','5','0.0'), ('1377','5','1','6','0.0'), ('1378','5','2','6','0.0'), ('1379','5','3','6','0.0'), ('1380','5','4','6','0.0'), ('1381','5','5','6','0.0'), ('1382','5','6','6','0.0'), ('1383','5','7','6','0.0'), ('1384','5','8','6','0.0'), ('1385','5','9','6','0.0'), ('1386','5','10','6','0.0'), ('1387','5','11','6','0.0'), ('1388','5','12','6','0.0'), ('1389','5','13','6','0.0'), ('1390','5','1','7','0.0'), ('1391','5','2','7','0.0'), ('1392','5','3','7','0.0'), ('1393','5','4','7','0.0'), ('1394','5','5','7','0.0'), ('1395','5','6','7','0.0'), ('1396','5','7','7','0.0'), ('1397','5','8','7','0.0'), ('1398','5','9','7','0.0'), ('1399','5','10','7','0.0'), ('1400','5','11','7','0.0'), ('1401','5','12','7','0.0'), ('1402','5','13','7','0.0'), ('1403','5','1','8','0.0'), ('1404','5','2','8','0.0'), ('1405','5','3','8','0.0'), ('1406','5','4','8','0.0'), ('1407','5','5','8','0.0'), ('1408','5','6','8','0.0'), ('1409','5','7','8','0.0'), ('1410','5','8','8','0.0'), ('1411','5','9','8','0.0'), ('1412','5','10','8','0.0'), ('1413','5','11','8','0.0'), ('1414','5','12','8','0.0'), ('1415','5','13','8','0.0'), ('1416','5','1','9','0.0'), ('1417','5','2','9','0.0'), ('1418','5','3','9','0.0'), ('1419','5','4','9','0.0'), ('1420','5','5','9','0.0'), ('1421','5','6','9','0.0'), ('1422','5','7','9','0.0'), ('1423','5','8','9','0.0'), ('1424','5','9','9','0.0'), ('1425','5','10','9','0.0'), ('1426','5','11','9','0.0'), ('1427','5','12','9','0.0'), ('1428','5','13','9','0.0'), ('1429','5','1','10','0.0'), ('1430','5','2','10','0.0'), ('1431','5','3','10','0.0'), ('1432','5','4','10','0.0'), ('1433','5','5','10','0.0'), ('1434','5','6','10','0.0'), ('1435','5','7','10','0.0'), ('1436','5','8','10','0.0'), ('1437','5','9','10','0.0'), ('1438','5','10','10','0.0'), ('1439','5','11','10','0.0'), ('1440','5','12','10','0.0'), ('1441','5','13','10','0.0'), ('1442','5','1','11','0.0'), ('1443','5','2','11','0.0'), ('1444','5','3','11','0.0'), ('1445','5','4','11','0.0'), ('1446','5','5','11','0.0'), ('1447','5','6','11','0.0'), ('1448','5','7','11','0.0'), ('1449','5','8','11','0.0'), ('1450','5','9','11','0.0'), ('1451','5','10','11','0.0'), ('1452','5','11','11','0.0'), ('1453','5','12','11','0.0'), ('1454','5','13','11','0.0'), ('1455','5','1','12','0.0'), ('1456','5','2','12','0.0'), ('1457','5','3','12','0.0'), ('1458','5','4','12','0.0'), ('1459','5','5','12','0.0');
INSERT INTO `salary_detail` VALUES ('1460','5','6','12','0.0'), ('1461','5','7','12','0.0'), ('1462','5','8','12','0.0'), ('1463','5','9','12','0.0'), ('1464','5','10','12','0.0'), ('1465','5','11','12','0.0'), ('1466','5','12','12','0.0'), ('1467','5','13','12','0.0'), ('1468','5','1','13','0.0'), ('1469','5','2','13','0.0'), ('1470','5','3','13','0.0'), ('1471','5','4','13','0.0'), ('1472','5','5','13','0.0'), ('1473','5','6','13','0.0'), ('1474','5','7','13','0.0'), ('1475','5','8','13','0.0'), ('1476','5','9','13','0.0'), ('1477','5','10','13','0.0'), ('1478','5','11','13','0.0'), ('1479','5','12','13','0.0'), ('1480','5','13','13','0.0'), ('1481','5','1','14','0.0'), ('1482','5','2','14','0.0'), ('1483','5','3','14','0.0'), ('1484','5','4','14','0.0'), ('1485','5','5','14','0.0'), ('1486','5','6','14','0.0'), ('1487','5','7','14','0.0'), ('1488','5','8','14','0.0'), ('1489','5','9','14','0.0'), ('1490','5','10','14','0.0'), ('1491','5','11','14','0.0'), ('1492','5','12','14','0.0'), ('1493','5','13','14','0.0'), ('1494','5','1','15','0.0'), ('1495','5','2','15','0.0'), ('1496','5','3','15','0.0'), ('1497','5','4','15','0.0'), ('1498','5','5','15','0.0'), ('1499','5','6','15','0.0'), ('1500','5','7','15','0.0'), ('1501','5','8','15','0.0'), ('1502','5','9','15','0.0'), ('1503','5','10','15','0.0'), ('1504','5','11','15','0.0'), ('1505','5','12','15','0.0'), ('1506','5','13','15','0.0'), ('1507','5','1','16','0.0'), ('1508','5','2','16','0.0'), ('1509','5','3','16','0.0'), ('1510','5','4','16','0.0'), ('1511','5','5','16','0.0'), ('1512','5','6','16','0.0'), ('1513','5','7','16','0.0'), ('1514','5','8','16','0.0'), ('1515','5','9','16','0.0'), ('1516','5','10','16','0.0'), ('1517','5','11','16','0.0'), ('1518','5','12','16','0.0'), ('1519','5','13','16','0.0'), ('1520','5','1','17','0.0'), ('1521','5','2','17','0.0'), ('1522','5','3','17','0.0'), ('1523','5','4','17','0.0'), ('1524','5','5','17','0.0'), ('1525','5','6','17','0.0'), ('1526','5','7','17','0.0'), ('1527','5','8','17','0.0'), ('1528','5','9','17','0.0'), ('1529','5','10','17','0.0'), ('1530','5','11','17','0.0'), ('1531','5','12','17','0.0'), ('1532','5','13','17','0.0'), ('1567','3','1','14','0.0'), ('1568','3','2','14','0.0'), ('1569','3','3','14','0.0'), ('1570','3','4','14','0.0'), ('1571','3','5','14','0.0'), ('1572','3','6','14','0.0'), ('1573','3','7','14','0.0'), ('1574','3','8','14','0.0'), ('1575','3','9','14','0.0'), ('1576','3','10','14','0.0'), ('1577','3','11','14','0.0'), ('1578','3','12','14','0.0'), ('1579','3','13','14','0.0'), ('1580','3','1','15','0.0'), ('1581','3','2','15','0.0'), ('1582','3','3','15','0.0'), ('1583','3','4','15','0.0'), ('1584','3','5','15','0.0'), ('1585','3','6','15','0.0'), ('1586','3','7','15','0.0'), ('1587','3','8','15','0.0'), ('1588','3','9','15','0.0'), ('1589','3','10','15','0.0'), ('1590','3','11','15','0.0'), ('1591','3','12','15','0.0'), ('1592','3','13','15','0.0'), ('1593','3','1','16','0.0');
INSERT INTO `salary_detail` VALUES ('1594','3','2','16','0.0'), ('1595','3','3','16','0.0'), ('1596','3','4','16','0.0'), ('1597','3','5','16','0.0'), ('1598','3','6','16','0.0'), ('1599','3','7','16','0.0'), ('1600','3','8','16','0.0'), ('1601','3','9','16','0.0'), ('1602','3','10','16','0.0'), ('1603','3','11','16','0.0'), ('1604','3','12','16','0.0'), ('1605','3','13','16','0.0'), ('1606','3','13','1','0.0'), ('1607','3','13','2','0.0'), ('1608','3','13','3','0.0'), ('1609','3','13','4','0.0'), ('1610','3','13','5','0.0'), ('1611','3','13','6','0.0'), ('1612','3','13','7','0.0'), ('1613','3','13','8','0.0'), ('1614','3','13','9','0.0'), ('1615','3','13','10','0.0'), ('1616','3','13','11','0.0'), ('1617','3','13','12','0.0'), ('1618','3','13','13','0.0'), ('1619','3','13','17','0.0'), ('1630','8','1','1','90.0'), ('1631','8','2','1','381.0'), ('1632','8','3','1','722.0'), ('1633','8','4','1','893.0'), ('1634','8','5','1','522.0'), ('1635','8','6','1','22.0'), ('1636','8','7','1','27.0'), ('1637','8','8','1','764.0'), ('1638','8','9','1','782.0'), ('1639','8','10','1','192.0'), ('1640','8','11','1','358.0'), ('1641','8','12','1','689.0'), ('1642','8','13','1','505.0'), ('1643','8','1','2','0.0'), ('1644','8','2','2','0.0'), ('1645','8','3','2','0.0'), ('1646','8','4','2','0.0'), ('1647','8','5','2','0.0'), ('1648','8','6','2','0.0'), ('1649','8','7','2','0.0'), ('1650','8','8','2','0.0'), ('1651','8','9','2','0.0'), ('1652','8','10','2','0.0'), ('1653','8','11','2','0.0'), ('1654','8','12','2','0.0'), ('1655','8','13','2','0.0'), ('1656','8','1','3','0.0'), ('1657','8','2','3','0.0'), ('1658','8','3','3','0.0'), ('1659','8','4','3','0.0'), ('1660','8','5','3','0.0'), ('1661','8','6','3','0.0'), ('1662','8','7','3','0.0'), ('1663','8','8','3','0.0'), ('1664','8','9','3','0.0'), ('1665','8','10','3','0.0'), ('1666','8','11','3','0.0'), ('1667','8','12','3','0.0'), ('1668','8','13','3','0.0'), ('1669','8','1','4','0.0'), ('1670','8','2','4','0.0'), ('1671','8','3','4','0.0'), ('1672','8','4','4','0.0'), ('1673','8','5','4','0.0'), ('1674','8','6','4','0.0'), ('1675','8','7','4','0.0'), ('1676','8','8','4','0.0'), ('1677','8','9','4','0.0'), ('1678','8','10','4','0.0'), ('1679','8','11','4','0.0'), ('1680','8','12','4','0.0'), ('1681','8','13','4','0.0'), ('1682','8','1','5','0.0'), ('1683','8','2','5','0.0'), ('1684','8','3','5','0.0'), ('1685','8','4','5','0.0'), ('1686','8','5','5','0.0'), ('1687','8','6','5','0.0'), ('1688','8','7','5','0.0'), ('1689','8','8','5','0.0'), ('1690','8','9','5','0.0'), ('1691','8','10','5','0.0'), ('1692','8','11','5','0.0'), ('1693','8','12','5','0.0'), ('1694','8','13','5','0.0'), ('1695','8','1','6','0.0'), ('1696','8','2','6','0.0'), ('1697','8','3','6','0.0'), ('1698','8','4','6','0.0'), ('1699','8','5','6','0.0'), ('1700','8','6','6','0.0'), ('1701','8','7','6','0.0'), ('1702','8','8','6','0.0'), ('1703','8','9','6','0.0');
INSERT INTO `salary_detail` VALUES ('1704','8','10','6','0.0'), ('1705','8','11','6','0.0'), ('1706','8','12','6','0.0'), ('1707','8','13','6','0.0'), ('1708','8','1','7','0.0'), ('1709','8','2','7','0.0'), ('1710','8','3','7','0.0'), ('1711','8','4','7','0.0'), ('1712','8','5','7','0.0'), ('1713','8','6','7','0.0'), ('1714','8','7','7','0.0'), ('1715','8','8','7','0.0'), ('1716','8','9','7','0.0'), ('1717','8','10','7','0.0'), ('1718','8','11','7','0.0'), ('1719','8','12','7','0.0'), ('1720','8','13','7','0.0'), ('1721','8','1','8','0.0'), ('1722','8','2','8','0.0'), ('1723','8','3','8','0.0'), ('1724','8','4','8','0.0'), ('1725','8','5','8','0.0'), ('1726','8','6','8','0.0'), ('1727','8','7','8','0.0'), ('1728','8','8','8','0.0'), ('1729','8','9','8','0.0'), ('1730','8','10','8','0.0'), ('1731','8','11','8','0.0'), ('1732','8','12','8','0.0'), ('1733','8','13','8','0.0'), ('1734','8','1','9','0.0'), ('1735','8','2','9','0.0'), ('1736','8','3','9','0.0'), ('1737','8','4','9','0.0'), ('1738','8','5','9','0.0'), ('1739','8','6','9','0.0'), ('1740','8','7','9','0.0'), ('1741','8','8','9','0.0'), ('1742','8','9','9','0.0'), ('1743','8','10','9','0.0'), ('1744','8','11','9','0.0'), ('1745','8','12','9','0.0'), ('1746','8','13','9','0.0'), ('1747','8','1','10','0.0'), ('1748','8','2','10','0.0'), ('1749','8','3','10','0.0'), ('1750','8','4','10','0.0'), ('1751','8','5','10','0.0'), ('1752','8','6','10','0.0'), ('1753','8','7','10','0.0'), ('1754','8','8','10','0.0'), ('1755','8','9','10','0.0'), ('1756','8','10','10','0.0'), ('1757','8','11','10','0.0'), ('1758','8','12','10','0.0'), ('1759','8','13','10','0.0'), ('1760','8','1','11','0.0'), ('1761','8','2','11','0.0'), ('1762','8','3','11','0.0'), ('1763','8','4','11','0.0'), ('1764','8','5','11','0.0'), ('1765','8','6','11','0.0'), ('1766','8','7','11','0.0'), ('1767','8','8','11','0.0'), ('1768','8','9','11','0.0'), ('1769','8','10','11','0.0'), ('1770','8','11','11','0.0'), ('1771','8','12','11','0.0'), ('1772','8','13','11','0.0'), ('1773','8','1','12','0.0'), ('1774','8','2','12','0.0'), ('1775','8','3','12','0.0'), ('1776','8','4','12','0.0'), ('1777','8','5','12','0.0'), ('1778','8','6','12','0.0'), ('1779','8','7','12','0.0'), ('1780','8','8','12','0.0'), ('1781','8','9','12','0.0'), ('1782','8','10','12','0.0'), ('1783','8','11','12','0.0'), ('1784','8','12','12','0.0'), ('1785','8','13','12','0.0'), ('1786','8','1','13','0.0'), ('1787','8','2','13','0.0'), ('1788','8','3','13','0.0'), ('1789','8','4','13','0.0'), ('1790','8','5','13','0.0'), ('1791','8','6','13','0.0'), ('1792','8','7','13','0.0'), ('1793','8','8','13','0.0'), ('1794','8','9','13','0.0'), ('1795','8','10','13','0.0'), ('1796','8','11','13','0.0'), ('1797','8','12','13','0.0'), ('1798','8','13','13','0.0'), ('1799','8','1','14','0.0'), ('1800','8','2','14','0.0'), ('1801','8','3','14','0.0'), ('1802','8','4','14','0.0'), ('1803','8','5','14','0.0');
INSERT INTO `salary_detail` VALUES ('1804','8','6','14','0.0'), ('1805','8','7','14','0.0'), ('1806','8','8','14','0.0'), ('1807','8','9','14','0.0'), ('1808','8','10','14','0.0'), ('1809','8','11','14','0.0'), ('1810','8','12','14','0.0'), ('1811','8','13','14','0.0'), ('1812','8','1','15','0.0'), ('1813','8','2','15','0.0'), ('1814','8','3','15','0.0'), ('1815','8','4','15','0.0'), ('1816','8','5','15','0.0'), ('1817','8','6','15','0.0'), ('1818','8','7','15','0.0'), ('1819','8','8','15','0.0'), ('1820','8','9','15','0.0'), ('1821','8','10','15','0.0'), ('1822','8','11','15','0.0'), ('1823','8','12','15','0.0'), ('1824','8','13','15','0.0'), ('1825','8','1','16','0.0'), ('1826','8','2','16','0.0'), ('1827','8','3','16','0.0'), ('1828','8','4','16','0.0'), ('1829','8','5','16','0.0'), ('1830','8','6','16','0.0'), ('1831','8','7','16','0.0'), ('1832','8','8','16','0.0'), ('1833','8','9','16','0.0'), ('1834','8','10','16','0.0'), ('1835','8','11','16','0.0'), ('1836','8','12','16','0.0'), ('1837','8','13','16','0.0'), ('1838','8','1','17','0.0'), ('1839','8','2','17','0.0'), ('1840','8','3','17','0.0'), ('1841','8','4','17','0.0'), ('1842','8','5','17','0.0'), ('1843','8','6','17','0.0'), ('1844','8','7','17','0.0'), ('1845','8','8','17','0.0'), ('1846','8','9','17','0.0'), ('1847','8','10','17','0.0'), ('1848','8','11','17','0.0'), ('1849','8','12','17','0.0'), ('1850','8','13','17','0.0'), ('1885','9','1','1','0.0'), ('1886','9','2','1','0.0'), ('1887','9','3','1','0.0'), ('1888','9','4','1','0.0'), ('1889','9','5','1','0.0'), ('1890','9','6','1','0.0'), ('1891','9','7','1','0.0'), ('1892','9','8','1','0.0'), ('1893','9','9','1','0.0'), ('1894','9','10','1','0.0'), ('1895','9','11','1','0.0'), ('1896','9','12','1','0.0'), ('1897','9','13','1','0.0'), ('1898','9','1','2','0.0'), ('1899','9','2','2','0.0'), ('1900','9','3','2','0.0'), ('1901','9','4','2','0.0'), ('1902','9','5','2','0.0'), ('1903','9','6','2','0.0'), ('1904','9','7','2','0.0'), ('1905','9','8','2','0.0'), ('1906','9','9','2','0.0'), ('1907','9','10','2','0.0'), ('1908','9','11','2','0.0'), ('1909','9','12','2','0.0'), ('1910','9','13','2','0.0'), ('1911','9','1','3','0.0'), ('1912','9','2','3','0.0'), ('1913','9','3','3','0.0'), ('1914','9','4','3','0.0'), ('1915','9','5','3','0.0'), ('1916','9','6','3','0.0'), ('1917','9','7','3','0.0'), ('1918','9','8','3','0.0'), ('1919','9','9','3','0.0'), ('1920','9','10','3','0.0'), ('1921','9','11','3','0.0'), ('1922','9','12','3','0.0'), ('1923','9','13','3','0.0'), ('1924','9','1','4','9.0'), ('1925','9','2','4','8.0'), ('1926','9','3','4','8.0'), ('1927','9','4','4','6.0'), ('1928','9','5','4','5.0'), ('1929','9','6','4','5.0'), ('1930','9','7','4','9.0'), ('1931','9','8','4','7.0'), ('1932','9','9','4','3.0'), ('1933','9','10','4','6.0'), ('1934','9','11','4','7.0'), ('1935','9','12','4','8.0'), ('1936','9','13','4','8.0'), ('1937','9','1','5','0.0');
INSERT INTO `salary_detail` VALUES ('1938','9','2','5','0.0'), ('1939','9','3','5','0.0'), ('1940','9','4','5','0.0'), ('1941','9','5','5','0.0'), ('1942','9','6','5','0.0'), ('1943','9','7','5','0.0'), ('1944','9','8','5','0.0'), ('1945','9','9','5','0.0'), ('1946','9','10','5','0.0'), ('1947','9','11','5','0.0'), ('1948','9','12','5','0.0'), ('1949','9','13','5','0.0'), ('1950','9','1','6','444.0'), ('1951','9','2','6','327.0'), ('1952','9','3','6','117.0'), ('1953','9','4','6','705.0'), ('1954','9','5','6','102.0'), ('1955','9','6','6','22.0'), ('1956','9','7','6','558.0'), ('1957','9','8','6','819.0'), ('1958','9','9','6','932.0'), ('1959','9','10','6','672.0'), ('1960','9','11','6','990.0'), ('1961','9','12','6','344.0'), ('1962','9','13','6','732.0'), ('1963','9','1','7','0.0'), ('1964','9','2','7','0.0'), ('1965','9','3','7','0.0'), ('1966','9','4','7','0.0'), ('1967','9','5','7','0.0'), ('1968','9','6','7','0.0'), ('1969','9','7','7','0.0'), ('1970','9','8','7','0.0'), ('1971','9','9','7','0.0'), ('1972','9','10','7','0.0'), ('1973','9','11','7','0.0'), ('1974','9','12','7','0.0'), ('1975','9','13','7','0.0'), ('1976','9','1','8','312.0'), ('1977','9','2','8','525.0'), ('1978','9','3','8','941.0'), ('1979','9','4','8','551.0'), ('1980','9','5','8','210.0'), ('1981','9','6','8','14.0'), ('1982','9','7','8','690.0'), ('1983','9','8','8','944.0'), ('1984','9','9','8','958.0'), ('1985','9','10','8','890.0'), ('1986','9','11','8','262.0'), ('1987','9','12','8','358.0'), ('1988','9','13','8','445.0'), ('1989','9','1','9','0.0'), ('1990','9','2','9','0.0'), ('1991','9','3','9','0.0'), ('1992','9','4','9','0.0'), ('1993','9','5','9','0.0'), ('1994','9','6','9','0.0'), ('1995','9','7','9','0.0'), ('1996','9','8','9','0.0'), ('1997','9','9','9','0.0'), ('1998','9','10','9','0.0'), ('1999','9','11','9','0.0'), ('2000','9','12','9','0.0'), ('2001','9','13','9','0.0'), ('2002','9','1','10','0.0'), ('2003','9','2','10','0.0'), ('2004','9','3','10','0.0'), ('2005','9','4','10','0.0'), ('2006','9','5','10','0.0'), ('2007','9','6','10','0.0'), ('2008','9','7','10','0.0'), ('2009','9','8','10','0.0'), ('2010','9','9','10','0.0'), ('2011','9','10','10','0.0'), ('2012','9','11','10','0.0'), ('2013','9','12','10','0.0'), ('2014','9','13','10','0.0'), ('2015','9','1','11','0.0'), ('2016','9','2','11','0.0'), ('2017','9','3','11','0.0'), ('2018','9','4','11','0.0'), ('2019','9','5','11','0.0'), ('2020','9','6','11','0.0'), ('2021','9','7','11','0.0'), ('2022','9','8','11','0.0'), ('2023','9','9','11','0.0'), ('2024','9','10','11','0.0'), ('2025','9','11','11','0.0'), ('2026','9','12','11','0.0'), ('2027','9','13','11','0.0'), ('2028','9','1','12','0.0'), ('2029','9','2','12','0.0'), ('2030','9','3','12','0.0'), ('2031','9','4','12','0.0'), ('2032','9','5','12','0.0'), ('2033','9','6','12','0.0'), ('2034','9','7','12','0.0'), ('2035','9','8','12','0.0'), ('2036','9','9','12','0.0'), ('2037','9','10','12','0.0');
INSERT INTO `salary_detail` VALUES ('2038','9','11','12','0.0'), ('2039','9','12','12','0.0'), ('2040','9','13','12','0.0'), ('2041','9','1','13','0.0'), ('2042','9','2','13','0.0'), ('2043','9','3','13','0.0'), ('2044','9','4','13','0.0'), ('2045','9','5','13','0.0'), ('2046','9','6','13','0.0'), ('2047','9','7','13','0.0'), ('2048','9','8','13','0.0'), ('2049','9','9','13','0.0'), ('2050','9','10','13','0.0'), ('2051','9','11','13','0.0'), ('2052','9','12','13','0.0'), ('2053','9','13','13','0.0'), ('2054','9','1','14','0.0'), ('2055','9','2','14','0.0'), ('2056','9','3','14','0.0'), ('2057','9','4','14','0.0'), ('2058','9','5','14','0.0'), ('2059','9','6','14','0.0'), ('2060','9','7','14','0.0'), ('2061','9','8','14','0.0'), ('2062','9','9','14','0.0'), ('2063','9','10','14','0.0'), ('2064','9','11','14','0.0'), ('2065','9','12','14','0.0'), ('2066','9','13','14','0.0'), ('2067','9','1','15','0.0'), ('2068','9','2','15','0.0'), ('2069','9','3','15','0.0'), ('2070','9','4','15','0.0'), ('2071','9','5','15','0.0'), ('2072','9','6','15','0.0'), ('2073','9','7','15','0.0'), ('2074','9','8','15','0.0'), ('2075','9','9','15','0.0'), ('2076','9','10','15','0.0'), ('2077','9','11','15','0.0'), ('2078','9','12','15','0.0'), ('2079','9','13','15','0.0'), ('2080','9','1','16','0.0'), ('2081','9','2','16','0.0'), ('2082','9','3','16','0.0'), ('2083','9','4','16','0.0'), ('2084','9','5','16','0.0'), ('2085','9','6','16','0.0'), ('2086','9','7','16','0.0'), ('2087','9','8','16','0.0'), ('2088','9','9','16','0.0'), ('2089','9','10','16','0.0'), ('2090','9','11','16','0.0'), ('2091','9','12','16','0.0'), ('2092','9','13','16','0.0'), ('2093','9','1','17','0.0'), ('2094','9','2','17','0.0'), ('2095','9','3','17','0.0'), ('2096','9','4','17','0.0'), ('2097','9','5','17','0.0'), ('2098','9','6','17','0.0'), ('2099','9','7','17','0.0'), ('2100','9','8','17','0.0'), ('2101','9','9','17','0.0'), ('2102','9','10','17','0.0'), ('2103','9','11','17','0.0'), ('2104','9','12','17','0.0'), ('2105','9','13','17','0.0'), ('2140','10','1','1','10000.0'), ('2141','10','2','1','10000.0'), ('2142','10','3','1','10000.0'), ('2143','10','4','1','10000.0'), ('2144','10','5','1','10000.0'), ('2145','10','6','1','10000.0'), ('2146','10','7','1','10000.0'), ('2147','10','8','1','10000.0'), ('2148','10','9','1','10000.0'), ('2149','10','10','1','10000.0'), ('2150','10','11','1','10000.0'), ('2151','10','12','1','10000.0'), ('2152','10','13','1','10000.0'), ('2153','10','1','2','8.0'), ('2154','10','2','2','8.0'), ('2155','10','3','2','4.0'), ('2156','10','4','2','3.0'), ('2157','10','5','2','7.0'), ('2158','10','6','2','9.0'), ('2159','10','7','2','7.0'), ('2160','10','8','2','6.0'), ('2161','10','9','2','2.0'), ('2162','10','10','2','8.0'), ('2163','10','11','2','4.0'), ('2164','10','12','2','3.0'), ('2165','10','13','2','2.0'), ('2166','10','1','3','2816.9'), ('2167','10','2','3','2816.9'), ('2168','10','3','3','2112.7'), ('2169','10','4','3','2112.7'), ('2170','10','5','3','2816.9'), ('2171','10','6','3','2816.9');
INSERT INTO `salary_detail` VALUES ('2172','10','7','3','2253.5'), ('2173','10','8','3','2253.5'), ('2174','10','9','3','2816.9'), ('2175','10','10','3','2112.7'), ('2176','10','11','3','2816.9'), ('2177','10','12','3','2253.5'), ('2178','10','13','3','2816.9'), ('2179','10','1','4','89.0'), ('2180','10','2','4','20.0'), ('2181','10','3','4','20.0'), ('2182','10','4','4','14.0'), ('2183','10','5','4','58.0'), ('2184','10','6','4','65.0'), ('2185','10','7','4','96.0'), ('2186','10','8','4','34.0'), ('2187','10','9','4','14.0'), ('2188','10','10','4','54.0'), ('2189','10','11','4','29.0'), ('2190','10','12','4','3.0'), ('2191','10','13','4','26.0'), ('2192','10','1','5','336.5'), ('2193','10','2','5','75.6'), ('2194','10','3','5','96.0'), ('2195','10','4','5','67.2'), ('2196','10','5','5','215.0'), ('2197','10','6','5','240.9'), ('2198','10','7','5','325.3'), ('2199','10','8','5','115.2'), ('2200','10','9','5','52.9'), ('2201','10','10','5','259.3'), ('2202','10','11','5','107.5'), ('2203','10','12','5','10.2'), ('2204','10','13','5','98.3'), ('2205','10','1','6','149.0'), ('2206','10','2','6','219.0'), ('2207','10','3','6','650.0'), ('2208','10','4','6','57.0'), ('2209','10','5','6','994.0'), ('2210','10','6','6','919.0'), ('2211','10','7','6','160.0'), ('2212','10','8','6','590.0'), ('2213','10','9','6','95.0'), ('2214','10','10','6','656.0'), ('2215','10','11','6','330.0'), ('2216','10','12','6','302.0'), ('2217','10','13','6','472.0'), ('2218','10','1','7','269.3'), ('2219','10','2','7','395.9'), ('2220','10','3','7','604.5'), ('2221','10','4','7','53.0'), ('2222','10','5','7','749.0'), ('2223','10','6','7','692.5'), ('2224','10','7','7','205.6'), ('2225','10','8','7','758.3'), ('2226','10','9','7','171.7'), ('2227','10','10','7','610.1'), ('2228','10','11','7','248.7'), ('2229','10','12','7','388.2'), ('2230','10','13','7','853.2'), ('2231','10','1','8','56.0'), ('2232','10','2','8','43.0'), ('2233','10','3','8','589.0'), ('2234','10','4','8','848.0'), ('2235','10','5','8','208.0'), ('2236','10','6','8','485.0'), ('2237','10','7','8','297.0'), ('2238','10','8','8','879.0'), ('2239','10','9','8','927.0'), ('2240','10','10','8','694.0'), ('2241','10','11','8','915.0'), ('2242','10','12','8','969.0'), ('2243','10','13','8','991.0'), ('2244','10','1','9','15.6'), ('2245','10','2','9','12.0'), ('2246','10','3','9','116.8'), ('2247','10','4','9','168.1'), ('2248','10','5','9','72.9'), ('2249','10','6','9','169.9'), ('2250','10','7','9','62.4'), ('2251','10','8','9','184.7'), ('2252','10','9','9','258.9'), ('2253','10','10','9','137.6'), ('2254','10','11','9','320.6'), ('2255','10','12','9','203.6'), ('2256','10','13','9','276.8'), ('2257','10','1','10','621.4'), ('2258','10','2','10','483.5'), ('2259','10','3','10','817.3'), ('2260','10','4','10','288.3'), ('2261','10','5','10','1036.9'), ('2262','10','6','10','1103.3'), ('2263','10','7','10','593.3'), ('2264','10','8','10','1058.2'), ('2265','10','9','10','483.5'), ('2266','10','10','10','1007.0'), ('2267','10','11','10','676.8'), ('2268','10','12','10','602.0'), ('2269','10','13','10','1228.3'), ('2270','10','1','11','0.0'), ('2271','10','2','11','0.0');
INSERT INTO `salary_detail` VALUES ('2272','10','3','11','0.0'), ('2273','10','4','11','0.0'), ('2274','10','5','11','0.0'), ('2275','10','6','11','0.0'), ('2276','10','7','11','0.0'), ('2277','10','8','11','0.0'), ('2278','10','9','11','0.0'), ('2279','10','10','11','0.0'), ('2280','10','11','11','0.0'), ('2281','10','12','11','0.0'), ('2282','10','13','11','0.0'), ('2283','10','1','12','0.0'), ('2284','10','2','12','0.0'), ('2285','10','3','12','0.0'), ('2286','10','4','12','0.0'), ('2287','10','5','12','0.0'), ('2288','10','6','12','0.0'), ('2289','10','7','12','0.0'), ('2290','10','8','12','0.0'), ('2291','10','9','12','0.0'), ('2292','10','10','12','0.0'), ('2293','10','11','12','0.0'), ('2294','10','12','12','0.0'), ('2295','10','13','12','0.0'), ('2296','10','1','13','0.0'), ('2297','10','2','13','0.0'), ('2298','10','3','13','0.0'), ('2299','10','4','13','0.0'), ('2300','10','5','13','0.0'), ('2301','10','6','13','0.0'), ('2302','10','7','13','0.0'), ('2303','10','8','13','0.0'), ('2304','10','9','13','0.0'), ('2305','10','10','13','0.0'), ('2306','10','11','13','0.0'), ('2307','10','12','13','0.0'), ('2308','10','13','13','0.0'), ('2309','10','1','14','0.0'), ('2310','10','2','14','0.0'), ('2311','10','3','14','0.0'), ('2312','10','4','14','0.0'), ('2313','10','5','14','0.0'), ('2314','10','6','14','0.0'), ('2315','10','7','14','0.0'), ('2316','10','8','14','0.0'), ('2317','10','9','14','0.0'), ('2318','10','10','14','0.0'), ('2319','10','11','14','0.0'), ('2320','10','12','14','0.0'), ('2321','10','13','14','0.0'), ('2322','10','1','15','0.0'), ('2323','10','2','15','0.0'), ('2324','10','3','15','0.0'), ('2325','10','4','15','0.0'), ('2326','10','5','15','0.0'), ('2327','10','6','15','0.0'), ('2328','10','7','15','0.0'), ('2329','10','8','15','0.0'), ('2330','10','9','15','0.0'), ('2331','10','10','15','0.0'), ('2332','10','11','15','0.0'), ('2333','10','12','15','0.0'), ('2334','10','13','15','0.0'), ('2335','10','1','16','0.0'), ('2336','10','2','16','0.0'), ('2337','10','3','16','0.0'), ('2338','10','4','16','0.0'), ('2339','10','5','16','0.0'), ('2340','10','6','16','0.0'), ('2341','10','7','16','0.0'), ('2342','10','8','16','0.0'), ('2343','10','9','16','0.0'), ('2344','10','10','16','0.0'), ('2345','10','11','16','0.0'), ('2346','10','12','16','0.0'), ('2347','10','13','16','0.0'), ('2348','10','1','17','0.0'), ('2349','10','2','17','0.0'), ('2350','10','3','17','0.0'), ('2351','10','4','17','0.0'), ('2352','10','5','17','0.0'), ('2353','10','6','17','0.0'), ('2354','10','7','17','0.0'), ('2355','10','8','17','0.0'), ('2356','10','9','17','0.0'), ('2357','10','10','17','0.0'), ('2358','10','11','17','0.0'), ('2359','10','12','17','0.0'), ('2360','10','13','17','0.0'), ('2395','11','1','1','6000.0'), ('2396','11','2','1','6000.0'), ('2397','11','3','1','6000.0'), ('2398','11','4','1','6000.0'), ('2399','11','5','1','6000.0'), ('2400','11','6','1','6000.0'), ('2401','11','7','1','6000.0'), ('2402','11','8','1','6000.0'), ('2403','11','9','1','6000.0'), ('2404','11','10','1','6000.0'), ('2405','11','11','1','6000.0');
INSERT INTO `salary_detail` VALUES ('2406','11','12','1','6000.0'), ('2407','11','13','1','6000.0'), ('2408','11','1','2','4.0'), ('2409','11','2','2','6.0'), ('2410','11','3','2','3.0'), ('2411','11','4','2','6.0'), ('2412','11','5','2','4.0'), ('2413','11','6','2','3.0'), ('2414','11','7','2','1.0'), ('2415','11','8','2','10.0'), ('2416','11','9','2','8.0'), ('2417','11','10','2','4.0'), ('2418','11','11','2','4.0'), ('2419','11','12','2','8.0'), ('2420','11','13','2','10.0'), ('2421','11','1','3','2366.2'), ('2422','11','2','3','2366.2'), ('2423','11','3','3','1098.6'), ('2424','11','4','3','1098.6'), ('2425','11','5','3','929.6'), ('2426','11','6','3','929.6'), ('2427','11','7','3','1605.6'), ('2428','11','8','3','1605.6'), ('2429','11','9','3','2366.2'), ('2430','11','10','3','1098.6'), ('2431','11','11','3','929.6'), ('2432','11','12','3','1605.6'), ('2433','11','13','3','2366.2'), ('2434','11','1','4','15.0'), ('2435','11','2','4','22.0'), ('2436','11','3','4','81.0'), ('2437','11','4','4','84.0'), ('2438','11','5','4','69.0'), ('2439','11','6','4','24.0'), ('2440','11','7','4','65.0'), ('2441','11','8','4','55.0'), ('2442','11','9','4','41.0'), ('2443','11','10','4','22.0'), ('2444','11','11','4','32.0'), ('2445','11','12','4','85.0'), ('2446','11','13','4','97.0'), ('2447','11','1','5','40.6'), ('2448','11','2','5','59.5'), ('2449','11','3','5','95.2'), ('2450','11','4','5','98.7'), ('2451','11','5','5','102.6'), ('2452','11','6','5','35.7'), ('2453','11','7','5','101.8'), ('2454','11','8','5','86.2'), ('2455','11','9','5','110.9'), ('2456','11','10','5','25.8'), ('2457','11','11','5','47.6'), ('2458','11','12','5','133.1'), ('2459','11','13','5','262.3'), ('2460','11','1','6','881.0'), ('2461','11','2','6','158.0'), ('2462','11','3','6','666.0'), ('2463','11','4','6','618.0'), ('2464','11','5','6','665.0'), ('2465','11','6','6','685.0'), ('2466','11','7','6','758.0'), ('2467','11','8','6','714.0'), ('2468','11','9','6','336.0'), ('2469','11','10','6','856.0'), ('2470','11','11','6','493.0'), ('2471','11','12','6','525.0'), ('2472','11','13','6','881.0'), ('2473','11','1','7','554.4'), ('2474','11','2','7','99.4'), ('2475','11','3','7','205.1'), ('2476','11','4','7','190.4'), ('2477','11','5','7','201.3'), ('2478','11','6','7','207.3'), ('2479','11','7','7','365.7'), ('2480','11','8','7','344.4'), ('2481','11','9','7','211.4'), ('2482','11','10','7','263.7'), ('2483','11','11','7','149.2'), ('2484','11','12','7','253.3'), ('2485','11','13','7','554.4'), ('2486','11','1','8','286.0'), ('2487','11','2','8','625.0'), ('2488','11','3','8','241.0'), ('2489','11','4','8','840.0'), ('2490','11','5','8','629.0'), ('2491','11','6','8','807.0'), ('2492','11','7','8','633.0'), ('2493','11','8','8','106.0'), ('2494','11','9','8','632.0'), ('2495','11','10','8','119.0'), ('2496','11','11','8','151.0'), ('2497','11','12','8','481.0'), ('2498','11','13','8','701.0'), ('2499','11','1','9','60.3'), ('2500','11','2','9','131.8'), ('2501','11','3','9','44.1'), ('2502','11','4','9','153.8'), ('2503','11','5','9','73.7'), ('2504','11','6','9','94.5'), ('2505','11','7','9','166.6');
INSERT INTO `salary_detail` VALUES ('2506','11','8','9','27.9'), ('2507','11','9','9','133.3'), ('2508','11','10','9','21.8'), ('2509','11','11','9','17.7'), ('2510','11','12','9','126.6'), ('2511','11','13','9','147.8'), ('2512','11','1','10','655.3'), ('2513','11','2','10','290.7'), ('2514','11','3','10','344.4'), ('2515','11','4','10','442.9'), ('2516','11','5','10','377.6'), ('2517','11','6','10','337.5'), ('2518','11','7','10','634.1'), ('2519','11','8','10','458.5'), ('2520','11','9','10','455.6'), ('2521','11','10','10','311.3'), ('2522','11','11','10','214.5'), ('2523','11','12','10','513.0'), ('2524','11','13','10','964.5'), ('2525','11','1','11','0.0'), ('2526','11','2','11','0.0'), ('2527','11','3','11','0.0'), ('2528','11','4','11','0.0'), ('2529','11','5','11','0.0'), ('2530','11','6','11','0.0'), ('2531','11','7','11','0.0'), ('2532','11','8','11','0.0'), ('2533','11','9','11','0.0'), ('2534','11','10','11','0.0'), ('2535','11','11','11','0.0'), ('2536','11','12','11','0.0'), ('2537','11','13','11','0.0'), ('2538','11','1','12','0.0'), ('2539','11','2','12','0.0'), ('2540','11','3','12','0.0'), ('2541','11','4','12','0.0'), ('2542','11','5','12','0.0'), ('2543','11','6','12','0.0'), ('2544','11','7','12','0.0'), ('2545','11','8','12','0.0'), ('2546','11','9','12','0.0'), ('2547','11','10','12','0.0'), ('2548','11','11','12','0.0'), ('2549','11','12','12','0.0'), ('2550','11','13','12','0.0'), ('2551','11','1','13','0.0'), ('2552','11','2','13','0.0'), ('2553','11','3','13','0.0'), ('2554','11','4','13','0.0'), ('2555','11','5','13','0.0'), ('2556','11','6','13','0.0'), ('2557','11','7','13','0.0'), ('2558','11','8','13','0.0'), ('2559','11','9','13','0.0'), ('2560','11','10','13','0.0'), ('2561','11','11','13','0.0'), ('2562','11','12','13','0.0'), ('2563','11','13','13','0.0'), ('2564','11','1','14','0.0'), ('2565','11','2','14','0.0'), ('2566','11','3','14','0.0'), ('2567','11','4','14','0.0'), ('2568','11','5','14','0.0'), ('2569','11','6','14','0.0'), ('2570','11','7','14','0.0'), ('2571','11','8','14','0.0'), ('2572','11','9','14','0.0'), ('2573','11','10','14','0.0'), ('2574','11','11','14','0.0'), ('2575','11','12','14','0.0'), ('2576','11','13','14','0.0'), ('2577','11','1','15','0.0'), ('2578','11','2','15','0.0'), ('2579','11','3','15','0.0'), ('2580','11','4','15','0.0'), ('2581','11','5','15','0.0'), ('2582','11','6','15','0.0'), ('2583','11','7','15','0.0'), ('2584','11','8','15','0.0'), ('2585','11','9','15','0.0'), ('2586','11','10','15','0.0'), ('2587','11','11','15','0.0'), ('2588','11','12','15','0.0'), ('2589','11','13','15','0.0'), ('2590','11','1','16','0.0'), ('2591','11','2','16','0.0'), ('2592','11','3','16','0.0'), ('2593','11','4','16','0.0'), ('2594','11','5','16','0.0'), ('2595','11','6','16','0.0'), ('2596','11','7','16','0.0'), ('2597','11','8','16','0.0'), ('2598','11','9','16','0.0'), ('2599','11','10','16','0.0'), ('2600','11','11','16','0.0'), ('2601','11','12','16','0.0'), ('2602','11','13','16','0.0'), ('2603','11','1','17','0.0'), ('2604','11','2','17','0.0'), ('2605','11','3','17','0.0');
INSERT INTO `salary_detail` VALUES ('2606','11','4','17','0.0'), ('2607','11','5','17','0.0'), ('2608','11','6','17','0.0'), ('2609','11','7','17','0.0'), ('2610','11','8','17','0.0'), ('2611','11','9','17','0.0'), ('2612','11','10','17','0.0'), ('2613','11','11','17','0.0'), ('2614','11','12','17','0.0'), ('2615','11','13','17','0.0'), ('2616','1','14','1','0.0'), ('2617','1','14','2','0.0'), ('2618','1','14','3','0.0'), ('2619','1','14','4','0.0'), ('2620','1','14','5','0.0'), ('2621','1','14','6','0.0'), ('2622','1','14','7','0.0'), ('2623','1','14','8','0.0'), ('2624','1','14','9','0.0'), ('2625','1','14','10','0.0');
INSERT INTO `salary_item` VALUES ('1','奖金总额','0','0','1','1'), ('2','分值','0','0','1','1'), ('3','本部门奖金分配额','1','0','1','0'), ('4','工作量','0','0','1','1'), ('5','工作量奖励','1','0','1','0'), ('6','服务费收取','0','0','1','1'), ('7','服务费奖励','1','0','1','0'), ('8','二次销售','0','0','1','1'), ('9','二次销售奖励','1','0','1','0'), ('10','合计奖励','1','0','1','0'), ('11','1','0','1','0','0'), ('12','测试2','0','1','0','0'), ('13','测试3','0','1','0','0'), ('14','4','0','1','0','0'), ('15','5','0','1','0','0'), ('16','6','0','1','0','0'), ('17','k','0','1','0','0');
INSERT INTO `salary_item_expression` VALUES ('1','3','设置本部门奖金分配额','fnGetDepartmentMoney(:account_id,:emp_id,2)*fnGetSalaryMoney(:account_id,:emp_id,1)/fnGetItemMoney(:account_id,2)','设置本部门奖金分配额'), ('10','5','设置工作量奖励','fnGetSalaryMoney(:account_id,:emp_id,3)*0.2*fnGetSalaryMoney(:account_id,:emp_id,4)/fnGetDepartmentMoney(:account_id,:emp_id,4)','设置工作量奖励'), ('11','7','设置服务费奖励','fnGetSalaryMoney(:account_id,:emp_id,3)*0.6*fnGetSalaryMoney(:account_id,:emp_id,6)/fnGetDepartmentMoney(:account_id,:emp_id,6)','设置服务费奖励'), ('12','9','设置二次销售奖励','fnGetSalaryMoney(:account_id,:emp_id,3)*0.2*fnGetSalaryMoney(:account_id,:emp_id,8)/fnGetDepartmentMoney(:account_id,:emp_id,8)','设置二次销售奖励'), ('13','10','设置合计奖励','fnGetSalaryMoney(:account_id,:emp_id,5)+fnGetSalaryMoney(:account_id,:emp_id,7)+fnGetSalaryMoney(:account_id,:emp_id,9)','设置合计奖励');
INSERT INTO `salary_item_unit` VALUES ('5','通用计算模板','1,10,11,12,13,'), ('6','asdf','1,1,1,1,1,1,');
